{
  "Andhra Pradesh": [
    { "name": "Addanki", "slug": "addanki", "reporting_city": "Ongole" },
    { "name": "Adoni", "slug": "adoni", "reporting_city": "Kurnool" },
    { "name": "Agiripalli", "slug": "agiripalli", "reporting_city": "Vijayawada" },
    { "name": "Akividu", "slug": "akividu", "reporting_city": "Bhimavaram" },
    { "name": "Allagadda", "slug": "allagadda", "reporting_city": "Nandyal" },
    { "name": "Amadalavalasa", "slug": "amadalavalasa", "reporting_city": "Srikakulam" },
    { "name": "Amalapuram", "slug": "amalapuram", "reporting_city": "Amalapuram" },
    { "name": "Amaravathi", "slug": "amaravathi", "reporting_city": "Vijayawada" },
    { "name": "Anakapalle", "slug": "anakapalle", "reporting_city": "Visakhapatnam" },
    { "name": "Anantapalli", "slug": "anantapalli", "reporting_city": "Tadepalligudem" },
    { "name": "Anantapur", "slug": "anantapur", "reporting_city": "Anantapur" },
    { "name": "Anaparthi", "slug": "anaparthi", "reporting_city": "Rajahmundry" },
    { "name": "Angara", "slug": "angara", "reporting_city": "Rajahmundry" },
    { "name": "Annavaram", "slug": "annavaram", "reporting_city": "Kakinada" },
    { "name": "Atchampeta (AP)", "slug": "atchampeta-ap", "reporting_city": "Guntur" },
    { "name": "Atmakur (Kurnool)", "slug": "atmakur-kurnool", "reporting_city": "Kurnool" },
    { "name": "Atmakur (Nellore)", "slug": "atmakur-nellore", "reporting_city": "Nellore" },
    { "name": "Attili", "slug": "attili", "reporting_city": "Tanuku" },
    { "name": "B. Kothakota", "slug": "b-kothakota", "reporting_city": "Madanapalle" },
    { "name": "Badvel", "slug": "badvel", "reporting_city": "Kadapa" },
    { "name": "Balijipeta", "slug": "balijipeta", "reporting_city": "Vizianagaram" },
    { "name": "Banaganapalli", "slug": "banaganapalli", "reporting_city": "Nandyal" },
    { "name": "Bangarupalem", "slug": "bangarupalem", "reporting_city": "Chittoor" },
    { "name": "Bantumilli", "slug": "bantumilli", "reporting_city": "Machilipatnam" },
    { "name": "Bapatla", "slug": "bapatla", "reporting_city": "Guntur" },
    { "name": "Bestavaripeta", "slug": "bestavaripeta", "reporting_city": "Markapur" },
    { "name": "Bethamcherla", "slug": "bethamcherla", "reporting_city": "Kurnool" },
    { "name": "Bhattiprolu", "slug": "bhattiprolu", "reporting_city": "Guntur" },
    { "name": "Bhimadole", "slug": "bhimadole", "reporting_city": "Eluru" },
    { "name": "Bhimavaram", "slug": "bhimavaram", "reporting_city": "Bhimavaram" },
    { "name": "Bhogapuram", "slug": "bhogapuram", "reporting_city": "Visakhapatnam" },
    { "name": "Bobbili", "slug": "bobbili", "reporting_city": "Vizianagaram" },
    { "name": "Buchireddypalem", "slug": "buchireddypalem", "reporting_city": "Nellore" },
    { "name": "Buttayagudem", "slug": "buttayagudem", "reporting_city": "Eluru" },
    { "name": "Chagallu", "slug": "chagallu", "reporting_city": "Rajahmundry" },
    { "name": "Challapalli", "slug": "challapalli", "reporting_city": "Machilipatnam" },
    { "name": "Chebrolu", "slug": "chebrolu", "reporting_city": "Guntur" },
    { "name": "Cheepurupalli", "slug": "cheepurupalli", "reporting_city": "Vizianagaram" },
    { "name": "Cherukupalli", "slug": "cherukupalli", "reporting_city": "Guntur" },
    { "name": "Chilakaluripet", "slug": "chilakaluripet", "reporting_city": "Guntur" },
    { "name": "Chinnamandem", "slug": "chinnamandem", "reporting_city": "Kadapa" },
    { "name": "Chintalapudi", "slug": "chintalapudi", "reporting_city": "Eluru" },
    { "name": "Chinturu", "slug": "chinturu", "reporting_city": "Bhadrachalam" },
    { "name": "Chirala", "slug": "chirala", "reporting_city": "Guntur" },
    { "name": "Chittoor", "slug": "chittoor", "reporting_city": "Chittoor" },
    { "name": "Chodavaram", "slug": "chodavaram", "reporting_city": "Visakhapatnam" },
    { "name": "Cumbum (AP)", "slug": "cumbum-ap", "reporting_city": "Markapur" },
    { "name": "Darlapudi", "slug": "darlapudi", "reporting_city": "Visakhapatnam" },
    { "name": "Darsi", "slug": "darsi", "reporting_city": "Ongole" },
    { "name": "Davuluru", "slug": "davuluru", "reporting_city": "Vijayawada" },
    { "name": "Devarapalle", "slug": "devarapalle", "reporting_city": "Rajahmundry" },
    { "name": "Devarapalli", "slug": "devarapalli", "reporting_city": "Rajahmundry" },
    { "name": "Dharmavaram", "slug": "dharmavaram", "reporting_city": "Anantapur" },
    { "name": "Dhone", "slug": "dhone", "reporting_city": "Kurnool" },
    { "name": "Dowlaiswaram", "slug": "dowlaiswaram", "reporting_city": "Rajahmundry" },
    { "name": "Draksharamam", "slug": "draksharamam", "reporting_city": "Kakinada" },
    { "name": "Duggirala", "slug": "duggirala", "reporting_city": "Guntur" },
    { "name": "East Godavari", "slug": "east-godavari", "reporting_city": "Kakinada" },
    { "name": "Edlapadu", "slug": "edlapadu", "reporting_city": "Guntur" },
    { "name": "Elesvaram", "slug": "elesvaram", "reporting_city": "Kakinada" },
    { "name": "Eluru", "slug": "eluru", "reporting_city": "Eluru" },
    { "name": "G.Mamidada", "slug": "gmamidada", "reporting_city": "Kakinada" },
    { "name": "Gadivemula", "slug": "gadivemula", "reporting_city": "Kurnool" },
    { "name": "Gajapathinagaram", "slug": "gajapathinagaram", "reporting_city": "Vizianagaram" },
    { "name": "Gampalagudem", "slug": "gampalagudem", "reporting_city": "Vijayawada" },
    { "name": "Ganapavaram", "slug": "ganapavaram", "reporting_city": "Tadepalligudem" },
    { "name": "Gannavaram", "slug": "gannavaram", "reporting_city": "Vijayawada" },
    { "name": "Giddalur", "slug": "giddalur", "reporting_city": "Markapur" },
    { "name": "Gokavaram", "slug": "gokavaram", "reporting_city": "Rajahmundry" },
    { "name": "Gollaprolu", "slug": "gollaprolu", "reporting_city": "Kakinada" },
    { "name": "Gooty", "slug": "gooty", "reporting_city": "Anantapur" },
    { "name": "Gorantla", "slug": "gorantla", "reporting_city": "Anantapur" },
    { "name": "Gudivada", "slug": "gudivada", "reporting_city": "Vijayawada" },
    { "name": "Gudlavalleru", "slug": "gudlavalleru", "reporting_city": "Gudivada" },
    { "name": "Gudur", "slug": "gudur", "reporting_city": "Nellore" },
    { "name": "Guntakal", "slug": "guntakal", "reporting_city": "Anantapur" },
    { "name": "Guntur", "slug": "guntur", "reporting_city": "Guntur" },
    { "name": "Gurazala", "slug": "gurazala", "reporting_city": "Guntur" },
    { "name": "Hanuman Junction", "slug": "hanuman-junction", "reporting_city": "Vijayawada" },
    { "name": "Hindupur", "slug": "hindupur", "reporting_city": "Anantapur" },
    { "name": "Hindupuram", "slug": "hindupuram", "reporting_city": "Anantapur" },
    { "name": "Hiramandalam", "slug": "hiramandalam", "reporting_city": "Srikakulam" },
    { "name": "Ichchapuram", "slug": "ichchapuram", "reporting_city": "Srikakulam" },
    { "name": "Indukurpeta", "slug": "indukurpeta", "reporting_city": "Nellore" },
    { "name": "Jaggampeta", "slug": "jaggampeta", "reporting_city": "Kakinada" },
    { "name": "Jaggayyapeta", "slug": "jaggayyapeta", "reporting_city": "Vijayawada" },
    { "name": "Jami", "slug": "jami", "reporting_city": "Vizianagaram" },
    { "name": "Jammalamadugu", "slug": "jammalamadugu", "reporting_city": "Kadapa" },
    { "name": "Jangareddy Gudem", "slug": "jangareddy-gudem", "reporting_city": "Eluru" },
    { "name": "K.D Peta", "slug": "kd-peta", "reporting_city": "Visakhapatnam" },
    { "name": "Kadapa", "slug": "kadapa", "reporting_city": "Kadapa" },
    { "name": "Kadiri", "slug": "kadiri", "reporting_city": "Anantapur" },
    { "name": "Kadiyam", "slug": "kadiyam", "reporting_city": "Rajahmundry" },
    { "name": "Kaikaluru", "slug": "kaikaluru", "reporting_city": "Bhimavaram" },
    { "name": "Kakarapalli", "slug": "kakarapalli", "reporting_city": "Srikakulam" },
    { "name": "Kakinada", "slug": "kakinada", "reporting_city": "Kakinada" },
    { "name": "Kalikiri", "slug": "kalikiri", "reporting_city": "Chittoor" },
    { "name": "Kalla", "slug": "kalla", "reporting_city": "Bhimavaram" },
    { "name": "Kallur", "slug": "kallur", "reporting_city": "Kurnool" },
    { "name": "Kamavarapukota", "slug": "kamavarapukota", "reporting_city": "Eluru" },
    { "name": "Kanchikacherla", "slug": "kanchikacherla", "reporting_city": "Vijayawada" },
    { "name": "Kandukur", "slug": "kandukur", "reporting_city": "Ongole" },
    { "name": "Kanigiri", "slug": "kanigiri", "reporting_city": "Ongole" },
    { "name": "Kanipakam", "slug": "kanipakam", "reporting_city": "Chittoor" },
    { "name": "Kankipadu", "slug": "kankipadu", "reporting_city": "Vijayawada" },
    { "name": "Kasibugga", "slug": "kasibugga", "reporting_city": "Srikakulam" },
    { "name": "Kathipudi", "slug": "kathipudi", "reporting_city": "Kakinada" },
    { "name": "Katrenikona", "slug": "katrenikona", "reporting_city": "Amalapuram" },
    { "name": "Kavali", "slug": "kavali", "reporting_city": "Nellore" },
    { "name": "Kaviti", "slug": "kaviti", "reporting_city": "Srikakulam" },
    { "name": "Khajipet", "slug": "khajipet", "reporting_city": "Kadapa" },
    { "name": "Kirlampudi", "slug": "kirlampudi", "reporting_city": "Kakinada" },
    { "name": "Kodumuru", "slug": "kodumuru", "reporting_city": "Kurnool" },
    { "name": "Koilkuntla", "slug": "koilkuntla", "reporting_city": "Nandyal" },
    { "name": "Kolluru", "slug": "kolluru", "reporting_city": "Guntur" },
    { "name": "Kommugudem", "slug": "kommugudem", "reporting_city": "Eluru" },
    { "name": "Konithiwada", "slug": "konithiwada", "reporting_city": "Bhimavaram" },
    { "name": "Korukonda", "slug": "korukonda", "reporting_city": "Rajahmundry" },
    { "name": "Kota (AP)", "slug": "kota-ap", "reporting_city": "Nellore" },
    { "name": "Kotabommali", "slug": "kotabommali", "reporting_city": "Srikakulam" },
    { "name": "Kotananduru", "slug": "kotananduru", "reporting_city": "Kakinada" },
    { "name": "Kothacheruvu", "slug": "kothacheruvu", "reporting_city": "Anantapur" },
    { "name": "Kothapalli", "slug": "kothapalli", "reporting_city": "Kakinada" },
    { "name": "Kothapeta", "slug": "kothapeta", "reporting_city": "Rajahmundry" },
    { "name": "Kothavalasa", "slug": "kothavalasa", "reporting_city": "Vizianagaram" },
    { "name": "Kotturu", "slug": "kotturu", "reporting_city": "Srikakulam" },
    { "name": "Kovur (Nellore)", "slug": "kovur-nellore", "reporting_city": "Nellore" },
    { "name": "Kovvur", "slug": "kovvur", "reporting_city": "Rajahmundry" },
    { "name": "Koyyalagudem", "slug": "koyyalagudem", "reporting_city": "Eluru" },
    { "name": "Krishnadevipeta", "slug": "krishnadevipeta", "reporting_city": "Visakhapatnam" },
    { "name": "Krosuru", "slug": "krosuru", "reporting_city": "Guntur" },
    { "name": "Kruthivennu", "slug": "kruthivennu", "reporting_city": "Machilipatnam" },
    { "name": "Kuchipudi", "slug": "kuchipudi", "reporting_city": "Vijayawada" },
    { "name": "Kurnool", "slug": "kurnool", "reporting_city": "Kurnool" },
    { "name": "Lakkavaram", "slug": "lakkavaram", "reporting_city": "Amalapuram" },
    { "name": "Likabali", "slug": "likabali", "reporting_city": "Srikakulam" },
    { "name": "Macherla", "slug": "macherla", "reporting_city": "Guntur" },
    { "name": "Machilipatnam", "slug": "machilipatnam", "reporting_city": "Machilipatnam" },
    { "name": "Madanapalle", "slug": "madanapalle", "reporting_city": "Madanapalle" },
    { "name": "Madhavaram", "slug": "madhavaram", "reporting_city": "Nellore" },
    { "name": "Madugula", "slug": "madugula", "reporting_city": "Visakhapatnam" },
    { "name": "Malikipuram", "slug": "malikipuram", "reporting_city": "Amalapuram" },
    { "name": "Mandapeta", "slug": "mandapeta", "reporting_city": "Rajahmundry" },
    { "name": "Mandasa", "slug": "mandasa", "reporting_city": "Srikakulam" },
    { "name": "Mangalagiri", "slug": "mangalagiri", "reporting_city": "Vijayawada" },
    { "name": "Manikonda (AP)", "slug": "manikonda-ap", "reporting_city": "Vijayawada" },
    { "name": "Markapur", "slug": "markapur", "reporting_city": "Markapur" },
    { "name": "Martur", "slug": "martur", "reporting_city": "Ongole" },
    { "name": "Medarametla", "slug": "medarametla", "reporting_city": "Ongole" },
    { "name": "Mummidivaram", "slug": "mummidivaram", "reporting_city": "Amalapuram" },
    { "name": "Mydukur", "slug": "mydukur", "reporting_city": "Kadapa" },
    { "name": "Mylavaram", "slug": "mylavaram", "reporting_city": "Vijayawada" },
    { "name": "Nagari", "slug": "nagari", "reporting_city": "Tirupati" },
    { "name": "Nagayalanka", "slug": "nagayalanka", "reporting_city": "Machilipatnam" },
    { "name": "Naidupeta", "slug": "naidupeta", "reporting_city": "Nellore" },
    { "name": "Nallajerla", "slug": "nallajerla", "reporting_city": "Tanuku" },
    { "name": "Nandigama", "slug": "nandigama", "reporting_city": "Vijayawada" },
    { "name": "Nandikotkur", "slug": "nandikotkur", "reporting_city": "Kurnool" },
    { "name": "Nandyal", "slug": "nandyal", "reporting_city": "Nandyal" },
    { "name": "Narasannapeta", "slug": "narasannapeta", "reporting_city": "Srikakulam" },
    { "name": "Narsapur", "slug": "narsapur", "reporting_city": "Bhimavaram" },
    { "name": "Narsipatnam", "slug": "narsipatnam", "reporting_city": "Visakhapatnam" },
    { "name": "Neelapalle", "slug": "neelapalle", "reporting_city": "Kakinada" },
    { "name": "Nellimarla", "slug": "nellimarla", "reporting_city": "Vizianagaram" },
    { "name": "Nellore", "slug": "nellore", "reporting_city": "Nellore" },
    { "name": "Nidadavolu", "slug": "nidadavolu", "reporting_city": "Tanuku" },
    { "name": "Nindra", "slug": "nindra", "reporting_city": "Tirupati" },
    { "name": "Nuzvid", "slug": "nuzvid", "reporting_city": "Vijayawada" },
    { "name": "Ongole", "slug": "ongole", "reporting_city": "Ongole" },
    { "name": "P. Dharmavaram", "slug": "p-dharmavaram", "reporting_city": "Vizianagaram" },
    { "name": "P.Gannavaram", "slug": "pgannavaram", "reporting_city": "Amalapuram" },
    { "name": "Pakala", "slug": "pakala", "reporting_city": "Tirupati" },
    { "name": "Palakollu", "slug": "palakollu", "reporting_city": "Bhimavaram" },
    { "name": "Palakonda", "slug": "palakonda", "reporting_city": "Srikakulam" },
    { "name": "Palamaner", "slug": "palamaner", "reporting_city": "Chittoor" },
    { "name": "Palasa", "slug": "palasa", "reporting_city": "Srikakulam" },
    { "name": "Pamarru", "slug": "pamarru", "reporting_city": "Vijayawada" },
    { "name": "Pamidi", "slug": "pamidi", "reporting_city": "Anantapur" },
    { "name": "Pamuru", "slug": "pamuru", "reporting_city": "Ongole" },
    { "name": "Parchur", "slug": "parchur", "reporting_city": "Ongole" },
    { "name": "Parvathipuram", "slug": "parvathipuram", "reporting_city": "Vizianagaram" },
    { "name": "Pathapatnam", "slug": "pathapatnam", "reporting_city": "Srikakulam" },
    { "name": "Payakaraopeta", "slug": "payakaraopeta", "reporting_city": "Visakhapatnam" },
    { "name": "Pedana", "slug": "pedana", "reporting_city": "Machilipatnam" },
    { "name": "Pedanandipadu", "slug": "pedanandipadu", "reporting_city": "Guntur" },
    { "name": "Pedapadu", "slug": "pedapadu", "reporting_city": "Eluru" },
    { "name": "Peddapuram", "slug": "peddapuram", "reporting_city": "Kakinada" },
    { "name": "Penuganchiprolu", "slug": "penuganchiprolu", "reporting_city": "Vijayawada" },
    { "name": "Penugonda", "slug": "penugonda", "reporting_city": "Tanuku" },
    { "name": "Piduguralla", "slug": "piduguralla", "reporting_city": "Guntur" },
    { "name": "Pileru", "slug": "pileru", "reporting_city": "Tirupati" },
    { "name": "Pithapuram", "slug": "pithapuram", "reporting_city": "Kakinada" },
    { "name": "Podalakur", "slug": "podalakur", "reporting_city": "Nellore" },
    { "name": "Podili", "slug": "podili", "reporting_city": "Ongole" },
    { "name": "Polavaram", "slug": "polavaram", "reporting_city": "Eluru" },
    { "name": "Ponduru", "slug": "ponduru", "reporting_city": "Srikakulam" },
    { "name": "Porumamilla", "slug": "porumamilla", "reporting_city": "Kadapa" },
    { "name": "Proddatur", "slug": "proddatur", "reporting_city": "Kadapa" },
    { "name": "Pulivendula", "slug": "pulivendula", "reporting_city": "Kadapa" },
    { "name": "Punganur", "slug": "punganur", "reporting_city": "Chittoor" },
    { "name": "Pusapatirega", "slug": "pusapatirega", "reporting_city": "Vizianagaram" },
    { "name": "Puttur (Andhra Pradesh)", "slug": "puttur-andhra-pradesh", "reporting_city": "Tirupati" },
    { "name": "Railway Koduru", "slug": "railway-koduru", "reporting_city": "Kadapa" },
    { "name": "Rajam", "slug": "rajam", "reporting_city": "Vizianagaram" },
    { "name": "Rajamahendravaram (Rajahmundry)", "slug": "rajamahendravaram-rajahmundry", "reporting_city": "Rajahmundry" },
    { "name": "Rajavommangi", "slug": "rajavommangi", "reporting_city": "Kakinada" },
    { "name": "Ramachandrapuram", "slug": "ramachandrapuram", "reporting_city": "Kakinada" },
    { "name": "Rampachodavaram", "slug": "rampachodavaram", "reporting_city": "Rajahmundry" },
    { "name": "Ranastalam", "slug": "ranastalam", "reporting_city": "Srikakulam" },
    { "name": "Rapur", "slug": "rapur", "reporting_city": "Nellore" },
    { "name": "Ravulapalem", "slug": "ravulapalem", "reporting_city": "Rajahmundry" },
    { "name": "Rayachoti", "slug": "rayachoti", "reporting_city": "Kadapa" },
    { "name": "Rayavaram", "slug": "rayavaram", "reporting_city": "Kakinada" },
    { "name": "Razole", "slug": "razole", "reporting_city": "Amalapuram" },
    { "name": "Rentachintala", "slug": "rentachintala", "reporting_city": "Guntur" },
    { "name": "Repalle", "slug": "repalle", "reporting_city": "Guntur" },
    { "name": "Routhulapudi", "slug": "routhulapudi", "reporting_city": "Kakinada" },
    { "name": "Sabbavaram", "slug": "sabbavaram", "reporting_city": "Visakhapatnam" },
    { "name": "Salihundam", "slug": "salihundam", "reporting_city": "Srikakulam" },
    { "name": "Salur", "slug": "salur", "reporting_city": "Vizianagaram" },
    { "name": "Samalkota", "slug": "samalkota", "reporting_city": "Kakinada" },
    { "name": "Sattenapalle", "slug": "sattenapalle", "reporting_city": "Guntur" },
    { "name": "Seethanagaram", "slug": "seethanagaram", "reporting_city": "Vizianagaram" },
    { "name": "Singarayakonda", "slug": "singarayakonda", "reporting_city": "Ongole" },
    { "name": "Sompeta", "slug": "sompeta", "reporting_city": "Srikakulam" },
    { "name": "Sri Sathya Sai", "slug": "sri-sathya-sai", "reporting_city": "Anantapur" },
    { "name": "Srikakulam", "slug": "srikakulam", "reporting_city": "Srikakulam" },
    { "name": "T.Narasapuram", "slug": "tnarasapuram", "reporting_city": "Tadepalligudem" },
    { "name": "Tadepalligudem", "slug": "tadepalligudem", "reporting_city": "Tadepalligudem" },
    { "name": "Tadikalapudi", "slug": "tadikalapudi", "reporting_city": "Eluru" },
    { "name": "Tadipatri", "slug": "tadipatri", "reporting_city": "Anantapur" },
    { "name": "Tallapudi", "slug": "tallapudi", "reporting_city": "Rajahmundry" },
    { "name": "Tallarevu", "slug": "tallarevu", "reporting_city": "Kakinada" },
    { "name": "Tangutur", "slug": "tangutur", "reporting_city": "Ongole" },
    { "name": "Tanuku", "slug": "tanuku", "reporting_city": "Tanuku" },
    { "name": "Tatipaka", "slug": "tatipaka", "reporting_city": "Amalapuram" },
    { "name": "Tekkali", "slug": "tekkali", "reporting_city": "Srikakulam" },
    { "name": "Tenali", "slug": "tenali", "reporting_city": "Guntur" },
    { "name": "Thimmapuram (Addu Road)", "slug": "thimmapuram-addu-road", "reporting_city": "Visakhapatnam" },
    { "name": "Thullur", "slug": "thullur", "reporting_city": "Vijayawada" },
    { "name": "Tirupati", "slug": "tirupati", "reporting_city": "Tirupati" },
    { "name": "Tiruvuru", "slug": "tiruvuru", "reporting_city": "Vijayawada" },
    { "name": "Tuni", "slug": "tuni", "reporting_city": "Kakinada" },
    { "name": "Turputallu", "slug": "turputallu", "reporting_city": "Bhimavaram" },
    { "name": "Undavalli", "slug": "undavalli", "reporting_city": "Vijayawada" },
    { "name": "Uppada", "slug": "uppada", "reporting_city": "Kakinada" },
    { "name": "Valaparla", "slug": "valaparla", "reporting_city": "Ongole" },
    { "name": "Valluru", "slug": "valluru", "reporting_city": "Kadapa" },
    { "name": "Varadaiahpalem", "slug": "varadaiahpalem", "reporting_city": "Tirupati" },
    { "name": "Vatsavai", "slug": "vatsavai", "reporting_city": "Vijayawada" },
    { "name": "Veeraghattam", "slug": "veeraghattam", "reporting_city": "Srikakulam" },
    { "name": "Velangi", "slug": "velangi", "reporting_city": "Kakinada" },
    { "name": "Vellampalli", "slug": "vellampalli", "reporting_city": "Guntur" },
    { "name": "Velugodu", "slug": "velugodu", "reporting_city": "Kurnool" },
    { "name": "Vempalli", "slug": "vempalli", "reporting_city": "Kadapa" },
    { "name": "Vetapalem", "slug": "vetapalem", "reporting_city": "Guntur" },
    { "name": "Vijayarai", "slug": "vijayarai", "reporting_city": "Eluru" },
    { "name": "Vijayawada", "slug": "vijayawada", "reporting_city": "Vijayawada" },
    { "name": "Vinjamur", "slug": "vinjamur", "reporting_city": "Nellore" },
    { "name": "Vinukonda", "slug": "vinukonda", "reporting_city": "Guntur" },
    { "name": "Vissannapeta", "slug": "vissannapeta", "reporting_city": "Vijayawada" },
    { "name": "Vizag (Visakhapatnam)", "slug": "vizag-visakhapatnam", "reporting_city": "Visakhapatnam" },
    { "name": "Vizianagaram", "slug": "vizianagaram", "reporting_city": "Vizianagaram" },
    { "name": "Vuyyuru", "slug": "vuyyuru", "reporting_city": "Vijayawada" },
    { "name": "Yanam", "slug": "yanam", "reporting_city": "Kakinada" },
    { "name": "Yeleswaram", "slug": "yeleswaram", "reporting_city": "Kakinada" },
    { "name": "Yellamanchili", "slug": "yellamanchili", "reporting_city": "Visakhapatnam" },
    { "name": "Yemmiganur", "slug": "yemmiganur", "reporting_city": "Kurnool" },
    { "name": "Yerragondapalem", "slug": "yerragondapalem", "reporting_city": "Ongole" },
    { "name": "Yerraguntla", "slug": "yerraguntla", "reporting_city": "Kadapa" }
  ],
  "Telangana": [
    { "name": "Achampet", "slug": "achampet", "reporting_city": "Mahbubnagar" },
    { "name": "Adilabad", "slug": "adilabad", "reporting_city": "Adilabad" },
    { "name": "Amangal", "slug": "amangal", "reporting_city": "Mahbubnagar" },
    { "name": "Armoor", "slug": "armoor", "reporting_city": "Nizamabad" },
    { "name": "Aswaraopeta", "slug": "aswaraopeta", "reporting_city": "Kothagudem" },
    { "name": "Aushapur", "slug": "aushapur", "reporting_city": "Hyderabad" },
    { "name": "Banswada", "slug": "banswada", "reporting_city": "Nizamabad" },
    { "name": "Bellampalli", "slug": "bellampally", "reporting_city": "Mancherial" },
    { "name": "Bhadrachalam", "slug": "bhadrachalam", "reporting_city": "Kothagudem" },
    { "name": "Bhainsa", "slug": "bhainsa", "reporting_city": "Nirmal" },
    { "name": "Bheemgal", "slug": "bheemgal", "reporting_city": "Nizamabad" },
    { "name": "Bhongir", "slug": "bhongir", "reporting_city": "Hyderabad" },
    { "name": "Bhupalpalle", "slug": "bhupalpalle", "reporting_city": "Warangal" },
    { "name": "Bhuvanagiri", "slug": "bhuvanagiri", "reporting_city": "Hyderabad" },
    { "name": "Bibinagar", "slug": "bibinagar", "reporting_city": "Hyderabad" },
    { "name": "Bichkunda", "slug": "bichkunda", "reporting_city": "Nizamabad" },
    { "name": "Bodhan", "slug": "bodhan", "reporting_city": "Nizamabad" },
    { "name": "Bonakal", "slug": "bonakal", "reporting_city": "Khammam" },
    { "name": "Chandur", "slug": "chandur", "reporting_city": "Nalgonda" },
    { "name": "Chelpur", "slug": "chelpur", "reporting_city": "Warangal" },
    { "name": "Chennur", "slug": "chennur", "reporting_city": "Mancherial" },
    { "name": "Cherial", "slug": "cherial", "reporting_city": "Siddipet" },
    { "name": "Cherla", "slug": "cherla", "reporting_city": "Kothagudem" },
    { "name": "Chevella", "slug": "chevella", "reporting_city": "Hyderabad" },
    { "name": "Choutuppal", "slug": "choutuppal", "reporting_city": "Hyderabad" },
    { "name": "Damarcherla", "slug": "damarcherla", "reporting_city": "Nalgonda" },
    { "name": "Dammapeta", "slug": "dammapeta", "reporting_city": "Kothagudem" },
    { "name": "Devarakadra", "slug": "devarakadra", "reporting_city": "Mahbubnagar" },
    { "name": "Devarakonda", "slug": "devarakonda", "reporting_city": "Nalgonda" },
    { "name": "Dharpally", "slug": "dharpally", "reporting_city": "Nizamabad" },
    { "name": "Dornakal", "slug": "dornakal", "reporting_city": "Warangal" },
    { "name": "Dubbaka", "slug": "dubbaka", "reporting_city": "Siddipet" },
    { "name": "Enkoor", "slug": "enkoor", "reporting_city": "Khammam" },
    { "name": "Eturnagaram", "slug": "eturnagaram", "reporting_city": "Warangal" },
    { "name": "Gadwal", "slug": "gadwal", "reporting_city": "Mahbubnagar" },
    { "name": "Gajwel", "slug": "gajwel", "reporting_city": "Hyderabad" },
    { "name": "Garla", "slug": "garla", "reporting_city": "Warangal" },
    { "name": "Godavarikhani", "slug": "godavarikhani", "reporting_city": "Karimnagar" },
    { "name": "Gopalpet", "slug": "gopalpet", "reporting_city": "Mahbubnagar" },
    { "name": "Gummadidala", "slug": "gummadidala", "reporting_city": "Hyderabad" },
    { "name": "Haliya", "slug": "haliya", "reporting_city": "Nalgonda" },
    { "name": "Hasanparthy", "slug": "hasanparthy", "reporting_city": "Warangal" },
    { "name": "Husnabad", "slug": "husnabad", "reporting_city": "Siddipet" },
    { "name": "Huzurabad", "slug": "huzurabad", "reporting_city": "Karimnagar" },
    { "name": "Huzurnagar", "slug": "huzurnagar", "reporting_city": "Nalgonda" },
    { "name": "Hyderabad", "slug": "hyderabad", "reporting_city": "Hyderabad" },
    { "name": "Ieeja", "slug": "ieeja", "reporting_city": "Mahbubnagar" },
    { "name": "Jadcherla", "slug": "jadcherla", "reporting_city": "Mahbubnagar" },
    { "name": "Jagtial", "slug": "jagtial", "reporting_city": "Karimnagar" },
    { "name": "Jammikunta", "slug": "jammikunta", "reporting_city": "Karimnagar" },
    { "name": "Jangaon", "slug": "jangaon", "reporting_city": "Warangal" },
    { "name": "Kadthal", "slug": "kadthal", "reporting_city": "Hyderabad" },
    { "name": "Kalluru", "slug": "kalluru", "reporting_city": "Khammam" },
    { "name": "Kalwakurthy", "slug": "kalwakurthy", "reporting_city": "Mahbubnagar" },
    { "name": "Kamalaapur", "slug": "kamalaapur", "reporting_city": "Warangal" },
    { "name": "Kamalapur", "slug": "kamalapur", "reporting_city": "Warangal" },
    { "name": "Kamareddy", "slug": "kamareddy", "reporting_city": "Nizamabad" },
    { "name": "Karepalli", "slug": "karepalli", "reporting_city": "Khammam" },
    { "name": "Karimnagar", "slug": "karimnagar", "reporting_city": "Karimnagar" },
    { "name": "Kazipet", "slug": "kazipet", "reporting_city": "Warangal" },
    { "name": "Kesamudram", "slug": "kesamudram", "reporting_city": "Warangal" },
    { "name": "Khammam", "slug": "khammam", "reporting_city": "Khammam" },
    { "name": "Khanapur", "slug": "khanapur", "reporting_city": "Nirmal" },
    { "name": "Kodad", "slug": "kodad", "reporting_city": "Nalgonda" },
    { "name": "Kollapur", "slug": "kollapur", "reporting_city": "Mahbubnagar" },
    { "name": "Kondamallepally", "slug": "kondamallepally", "reporting_city": "Nalgonda" },
    { "name": "Korutla", "slug": "korutla", "reporting_city": "Karimnagar" },
    { "name": "Kosgi", "slug": "kosgi", "reporting_city": "Mahbubnagar" },
    { "name": "Kothagudem", "slug": "kothagudem", "reporting_city": "Kothagudem" },
    { "name": "Kothakota", "slug": "kothakota", "reporting_city": "Mahbubnagar" },
    { "name": "Luxettipet", "slug": "luxettipet", "reporting_city": "Mancherial" },
    { "name": "Madhira", "slug": "madhira", "reporting_city": "Khammam" },
    { "name": "Mahabubabad", "slug": "mahabubabad", "reporting_city": "Warangal" },
    { "name": "Mahbubnagar", "slug": "mahbubnagar", "reporting_city": "Mahbubnagar" },
    { "name": "Maheshwaram", "slug": "maheshwaram", "reporting_city": "Hyderabad" },
    { "name": "Makthal", "slug": "makthal", "reporting_city": "Mahbubnagar" },
    { "name": "Mall", "slug": "mall", "reporting_city": "Hyderabad" },
    { "name": "Mancherial", "slug": "mancherial", "reporting_city": "Mancherial" },
    { "name": "Manthani", "slug": "manthani", "reporting_city": "Karimnagar" },
    { "name": "Manuguru", "slug": "manuguru", "reporting_city": "Kothagudem" },
    { "name": "Marpalle", "slug": "marpalle", "reporting_city": "Hyderabad" },
    { "name": "Marripeda", "slug": "marripeda", "reporting_city": "Warangal" },
    { "name": "Medak", "slug": "medak", "reporting_city": "Hyderabad" },
    { "name": "Medchal", "slug": "medchal", "reporting_city": "Hyderabad" },
    { "name": "Metpally", "slug": "metpally", "reporting_city": "Karimnagar" },
    { "name": "Miryalaguda", "slug": "miryalaguda", "reporting_city": "Nalgonda" },
    { "name": "Mominpet", "slug": "mominpet", "reporting_city": "Hyderabad" },
    { "name": "Mothkur", "slug": "mothkur", "reporting_city": "Nalgonda" },
    { "name": "Mulkanoor", "slug": "mulkanoor", "reporting_city": "Karimnagar" },
    { "name": "Mulugu", "slug": "mulugu", "reporting_city": "Warangal" },
    { "name": "Mulugu Ghanpur", "slug": "mulugu-ghanpur", "reporting_city": "Warangal" },
    { "name": "Nagaram", "slug": "nagaram", "reporting_city": "Hyderabad" },
    { "name": "Nagarkurnool", "slug": "nagarkurnool", "reporting_city": "Mahbubnagar" },
    { "name": "Nakrekal", "slug": "nakrekal", "reporting_city": "Nalgonda" },
    { "name": "Nalgonda", "slug": "nalgonda", "reporting_city": "Nalgonda" },
    { "name": "Nandipet", "slug": "nandipet", "reporting_city": "Nizamabad" },
    { "name": "Narayankhed", "slug": "narayankhed", "reporting_city": "Sangareddy" },
    { "name": "Narayanpet", "slug": "narayanpet", "reporting_city": "Mahbubnagar" },
    { "name": "Narsampet", "slug": "narsampet", "reporting_city": "Warangal" },
    { "name": "Narsapur (Medak)", "slug": "narsapur-medak", "reporting_city": "Hyderabad" },
    { "name": "Nelakondapally", "slug": "nelakondapally", "reporting_city": "Khammam" },
    { "name": "Nereducharla", "slug": "nereducharla", "reporting_city": "Nalgonda" },
    { "name": "Nizamabad", "slug": "nizamabad", "reporting_city": "Nizamabad" },
    { "name": "Palakurthy", "slug": "palakurthy", "reporting_city": "Warangal" },
    { "name": "Palwancha", "slug": "palvancha", "reporting_city": "Kothagudem" },
    { "name": "Parigi (Telangana)", "slug": "parigi-telangana", "reporting_city": "Hyderabad" },
    { "name": "Parkal", "slug": "parkal", "reporting_city": "Warangal" },
    { "name": "Pasara", "slug": "pasara", "reporting_city": "Warangal" },
    { "name": "Pebbair", "slug": "pebbair", "reporting_city": "Mahbubnagar" },
    { "name": "Peddapalli", "slug": "peddapalli", "reporting_city": "Karimnagar" },
    { "name": "Pitlam", "slug": "pitlam", "reporting_city": "Nizamabad" },
    { "name": "Pochampally", "slug": "pochampally", "reporting_city": "Hyderabad" },
    { "name": "Raikal", "slug": "raikal", "reporting_city": "Karimnagar" },
    { "name": "Rajarampalli", "slug": "rajarampalli", "reporting_city": "Karimnagar" },
    { "name": "Ramayampet", "slug": "ramayampet", "reporting_city": "Hyderabad" },
    { "name": "Sadasivpet", "slug": "sadasivpet", "reporting_city": "Hyderabad" },
    { "name": "Sangareddy", "slug": "sangareddy", "reporting_city": "Hyderabad" },
    { "name": "Sarapaka", "slug": "sarapaka", "reporting_city": "Kothagudem" },
    { "name": "Sathupally", "slug": "sathupally", "reporting_city": "Khammam" },
    { "name": "Secunderabad", "slug": "secunderabad", "reporting_city": "Hyderabad" },
    { "name": "Shadnagar", "slug": "shadnagar", "reporting_city": "Hyderabad" },
    { "name": "Shankarampet", "slug": "shankarampet", "reporting_city": "Hyderabad" },
    { "name": "Shankarpally", "slug": "shankarpally", "reporting_city": "Hyderabad" },
    { "name": "Siddipet", "slug": "siddipet", "reporting_city": "Siddipet" },
    { "name": "Sircilla", "slug": "sircilla", "reporting_city": "Karimnagar" },
    { "name": "Station Ghanpur", "slug": "station-ghanpur", "reporting_city": "Warangal" },
    { "name": "Sultanabad", "slug": "sultanabad", "reporting_city": "Karimnagar" },
    { "name": "Suryapet", "slug": "suryapet", "reporting_city": "Nalgonda" },
    { "name": "Tandur", "slug": "tandur", "reporting_city": "Hyderabad" },
    { "name": "Thallada", "slug": "thallada", "reporting_city": "Khammam" },
    { "name": "Thirumalagiri", "slug": "thirumalagiri", "reporting_city": "Nalgonda" },
    { "name": "Thorrur", "slug": "thorrur", "reporting_city": "Warangal" },
    { "name": "Toopran", "slug": "toopran", "reporting_city": "Hyderabad" },
    { "name": "Valigonda", "slug": "valigonda", "reporting_city": "Hyderabad" },
    { "name": "Vemulawada", "slug": "vemulawada", "reporting_city": "Karimnagar" },
    { "name": "Venkatapuram", "slug": "venkatapuram", "reporting_city": "Kothagudem" },
    { "name": "Vikarabad", "slug": "vikarabad", "reporting_city": "Hyderabad" },
    { "name": "Wanaparthy", "slug": "wanaparthy", "reporting_city": "Mahbubnagar" },
    { "name": "Warangal", "slug": "warangal", "reporting_city": "Warangal" },
    { "name": "Wardhannapet", "slug": "wardhannapet", "reporting_city": "Warangal" },
    { "name": "Wyra", "slug": "wyra", "reporting_city": "Khammam" },
    { "name": "Yadagirigutta", "slug": "yadagirigutta", "reporting_city": "Hyderabad" },
    { "name": "Yellandu", "slug": "yellandu", "reporting_city": "Kothagudem" },
    { "name": "Yellareddy", "slug": "yellareddy", "reporting_city": "Nizamabad" },
    { "name": "Yellareddypet", "slug": "yellareddypet", "reporting_city": "Karimnagar" },
    { "name": "Zaheerabad", "slug": "zaheerabad", "reporting_city": "Hyderabad" }
  ],
  "Karnataka": [
    { "name": "Alur", "slug": "alur", "reporting_city": "Hassan" },
    { "name": "Anekal", "slug": "anekal", "reporting_city": "Bengaluru" },
    { "name": "Ankola", "slug": "ankola", "reporting_city": "Karwar" },
    { "name": "Annigeri", "slug": "annigeri", "reporting_city": "Hubballi" },
    { "name": "Arkalgud", "slug": "arkalgud", "reporting_city": "Hassan" },
    { "name": "Arsikere", "slug": "arsikere", "reporting_city": "Hassan" },
    { "name": "Athani", "slug": "athani", "reporting_city": "Belagavi" },
    { "name": "Attibele", "slug": "attibele", "reporting_city": "Bengaluru" },
    { "name": "Badami", "slug": "badami", "reporting_city": "Bagalkot" },
    { "name": "Bagalkot", "slug": "bagalkot", "reporting_city": "Bagalkot" },
    { "name": "Bagepalli", "slug": "bagepalli", "reporting_city": "Chikkaballapur" },
    { "name": "Baindur", "slug": "baindur", "reporting_city": "Udupi" },
    { "name": "Balehonnur", "slug": "balehonnur", "reporting_city": "Chikmagalur" },
    { "name": "Banahatti", "slug": "banahatti", "reporting_city": "Bagalkot" },
    { "name": "Bangarpet", "slug": "bangarpet", "reporting_city": "Kolar" },
    { "name": "Belagavi (Belgaum)", "slug": "belagavi-belgaum", "reporting_city": "Belagavi" },
    { "name": "Belakavadi", "slug": "belakavadi", "reporting_city": "Mandya" },
    { "name": "Bellary", "slug": "bellary", "reporting_city": "Ballari" },
    { "name": "Belur", "slug": "belur", "reporting_city": "Hassan" },
    { "name": "Bengaluru", "slug": "bengaluru", "reporting_city": "Bengaluru" },
    { "name": "Bhadravati", "slug": "bhadravati", "reporting_city": "Shivamogga" },
    { "name": "Bharamasagara", "slug": "bharamasagara", "reporting_city": "Chitradurga" },
    { "name": "Bhatkal", "slug": "bhatkal", "reporting_city": "Karwar" },
    { "name": "Bidadi", "slug": "bidadi", "reporting_city": "Bengaluru" },
    { "name": "Bidar", "slug": "bidar", "reporting_city": "Bidar" },
    { "name": "Bilgi", "slug": "bilgi", "reporting_city": "Bagalkot" },
    { "name": "Byadagi", "slug": "byadagi", "reporting_city": "Haveri" },
    { "name": "Byadgi", "slug": "byadgi", "reporting_city": "Haveri" },
    { "name": "Challakere", "slug": "challakere", "reporting_city": "Chitradurga" },
    { "name": "Chamarajnagar", "slug": "chamarajnagar", "reporting_city": "Chamarajnagar" },
    { "name": "Channagiri", "slug": "channagiri", "reporting_city": "Davanagere" },
    { "name": "Channapatna", "slug": "channapatna", "reporting_city": "Ramanagara" },
    { "name": "Channarayapatna", "slug": "channarayapatna", "reporting_city": "Hassan" },
    { "name": "Chelur", "slug": "chelur", "reporting_city": "Chikkaballapur" },
    { "name": "Chickmagaluru", "slug": "chickmagaluru", "reporting_city": "Chikmagalur" },
    { "name": "Chikkaballapur", "slug": "chikkaballapur", "reporting_city": "Chikkaballapur" },
    { "name": "Chikmagalur", "slug": "chikmagalur", "reporting_city": "Chikmagalur" },
    { "name": "Chikodi", "slug": "chikodi", "reporting_city": "Belagavi" },
    { "name": "Chintamani", "slug": "chintamani", "reporting_city": "Chikkaballapur" },
    { "name": "Chitradurga", "slug": "chitradurga", "reporting_city": "Chitradurga" },
    { "name": "Dandeli", "slug": "dandeli", "reporting_city": "Karwar" },
    { "name": "Davanagere", "slug": "davanagere", "reporting_city": "Davanagere" },
    { "name": "Deralakatte", "slug": "deralakatte", "reporting_city": "Mangaluru" },
    { "name": "Devadurga", "slug": "devadurga", "reporting_city": "Raichur" },
    { "name": "Dharwad", "slug": "dharwad", "reporting_city": "Hubballi" },
    { "name": "Doddaballapura", "slug": "doddaballapura", "reporting_city": "Bengaluru" },
    { "name": "Gadag", "slug": "gadag", "reporting_city": "Gadag" },
    { "name": "Gajendragarh", "slug": "gajendragarh", "reporting_city": "Gadag" },
    { "name": "Gangavati", "slug": "gangavati", "reporting_city": "Hospet" },
    { "name": "Gauribidanur", "slug": "gauribidanur", "reporting_city": "Chikkaballapur" },
    { "name": "Gokak", "slug": "gokak", "reporting_city": "Belagavi" },
    { "name": "Gokarna", "slug": "gokarna", "reporting_city": "Karwar" },
    { "name": "Gonikoppal", "slug": "gonikoppal", "reporting_city": "Madikeri" },
    { "name": "Goramadagu", "slug": "goramadagu", "reporting_city": "Ballari" },
    { "name": "Gownipalli", "slug": "gownipalli", "reporting_city": "Kolar" },
    { "name": "Guledgudda", "slug": "guledgudda", "reporting_city": "Bagalkot" },
    { "name": "Gundlupet", "slug": "gundlupet", "reporting_city": "Chamarajnagar" },
    { "name": "Hagaribommanahalli", "slug": "hagaribommanahalli", "reporting_city": "Hospet" },
    { "name": "Hampi", "slug": "hampi", "reporting_city": "Hospet" },
    { "name": "Harihar", "slug": "harihar", "reporting_city": "Davanagere" },
    { "name": "Harugeri", "slug": "harugeri", "reporting_city": "Belagavi" },
    { "name": "Hassan", "slug": "hassan", "reporting_city": "Hassan" },
    { "name": "Haveri", "slug": "haveri", "reporting_city": "Haveri" },
    { "name": "Hirekerur", "slug": "hirekerur", "reporting_city": "Haveri" },
    { "name": "Hiriyur", "slug": "hiriyur", "reporting_city": "Chitradurga" },
    { "name": "Holenarasipura", "slug": "holenarasipura", "reporting_city": "Hassan" },
    { "name": "Honnali", "slug": "honnali", "reporting_city": "Davanagere" },
    { "name": "Honnavara", "slug": "honnavara", "reporting_city": "Karwar" },
    { "name": "Hoskote", "slug": "hoskote", "reporting_city": "Bengaluru" },
    { "name": "Hospet", "slug": "hospet", "reporting_city": "Hospet" },
    { "name": "Hubballi (Hubli)", "slug": "hubballi-hubli", "reporting_city": "Hubballi" },
    { "name": "Hunagunda", "slug": "hunagunda", "reporting_city": "Bagalkot" },
    { "name": "Hunsur", "slug": "hunsur", "reporting_city": "Mysuru" },
    { "name": "Huvinahadagali", "slug": "huvinahadagali", "reporting_city": "Hospet" },
    { "name": "Indi", "slug": "indi", "reporting_city": "Vijayapura" },
    { "name": "Jagalur", "slug": "jagalur", "reporting_city": "Davanagere" },
    { "name": "Jamkhandi", "slug": "jamkhandi", "reporting_city": "Bagalkot" },
    { "name": "Jigani", "slug": "jigani", "reporting_city": "Bengaluru" },
    { "name": "Kalaburagi (Gulbarga)", "slug": "kalaburagi-gulbarga", "reporting_city": "Kalaburagi" },
    { "name": "Kanakapura", "slug": "kanakapura", "reporting_city": "Ramanagara" },
    { "name": "Karkala", "slug": "karkala", "reporting_city": "Udupi" },
    { "name": "Karwar", "slug": "karwar", "reporting_city": "Karwar" },
    { "name": "Kodagu (Coorg)", "slug": "kodagu-coorg", "reporting_city": "Madikeri" },
    { "name": "Kodagu (Siddapura)", "slug": "kodagu-siddapura", "reporting_city": "Madikeri" },
    { "name": "Kolar", "slug": "kolar", "reporting_city": "Kolar" },
    { "name": "Kondlahalli", "slug": "kondlahalli", "reporting_city": "Chitradurga" },
    { "name": "Koratagere", "slug": "koratagere", "reporting_city": "Tumakuru" },
    { "name": "Krishnarajanagara", "slug": "krishnarajanagara", "reporting_city": "Mysuru" },
    { "name": "Krishnarajpete (K.R.Pete)", "slug": "krishnarajpete-krpete", "reporting_city": "Mandya" },
    { "name": "Kundapura", "slug": "kundapura", "reporting_city": "Udupi" },
    { "name": "Kunigal", "slug": "kunigal", "reporting_city": "Tumakuru" },
    { "name": "Kushalnagar", "slug": "kushalnagar", "reporting_city": "Madikeri" },
    { "name": "Lakshmeshwara", "slug": "lakshmeshwara", "reporting_city": "Gadag" },
    { "name": "Lingasugur", "slug": "lingasugur", "reporting_city": "Raichur" },
    { "name": "Madalu", "slug": "madalu", "reporting_city": "Hassan" },
    { "name": "Maddur", "slug": "maddur", "reporting_city": "Mandya" },
    { "name": "Madikeri", "slug": "madikeri", "reporting_city": "Madikeri" },
    { "name": "Magadi", "slug": "magadi", "reporting_city": "Ramanagara" },
    { "name": "Mahalingpur", "slug": "mahalingpur", "reporting_city": "Bagalkot" },
    { "name": "Malebennur", "slug": "malebennur", "reporting_city": "Davanagere" },
    { "name": "Malur", "slug": "malur", "reporting_city": "Kolar" },
    { "name": "Mandya", "slug": "mandya", "reporting_city": "Mandya" },
    { "name": "Mangaluru (Mangalore)", "slug": "mangaluru-mangalore", "reporting_city": "Mangaluru" },
    { "name": "Manipal", "slug": "manipal", "reporting_city": "Udupi" },
    { "name": "Manvi", "slug": "manvi", "reporting_city": "Raichur" },
    { "name": "Molakalmuru", "slug": "molakalmuru", "reporting_city": "Chitradurga" },
    { "name": "Moodbidri", "slug": "moodbidri", "reporting_city": "Mangaluru" },
    { "name": "Mudalagi", "slug": "mudalagi", "reporting_city": "Belagavi" },
    { "name": "Muddebihal", "slug": "muddebihal", "reporting_city": "Vijayapura" },
    { "name": "Mudhol", "slug": "mudhol", "reporting_city": "Bagalkot" },
    { "name": "Mudigere", "slug": "mudigere", "reporting_city": "Chikmagalur" },
    { "name": "Mulbagal", "slug": "mulbagal", "reporting_city": "Kolar" },
    { "name": "Mundargi", "slug": "mundargi", "reporting_city": "Gadag" },
    { "name": "Mysuru (Mysore)", "slug": "mysuru-mysore", "reporting_city": "Mysuru" },
    { "name": "Nagamangala", "slug": "nagamangala", "reporting_city": "Mandya" },
    { "name": "Nanjanagudu", "slug": "nanjanagudu", "reporting_city": "Mysuru" },
    { "name": "Nargund", "slug": "nargund", "reporting_city": "Gadag" },
    { "name": "Nelamangala", "slug": "nelamangala", "reporting_city": "Bengaluru" },
    { "name": "Nipani", "slug": "nipani", "reporting_city": "Belagavi" },
    { "name": "Nyamathi", "slug": "nyamathi", "reporting_city": "Shivamogga" },
    { "name": "Padubidri", "slug": "padubidri", "reporting_city": "Udupi" },
    { "name": "Pandavapura", "slug": "pandavapura", "reporting_city": "Mandya" },
    { "name": "Pavagada", "slug": "pavagada", "reporting_city": "Tumakuru" },
    { "name": "Periyapatna", "slug": "periyapatna", "reporting_city": "Mysuru" },
    { "name": "Puttur (Karnataka)", "slug": "puttur-karnataka", "reporting_city": "Mangaluru" },
    { "name": "Rabkavi Banhatti", "slug": "rabkavi-banhatti", "reporting_city": "Bagalkot" },
    { "name": "Raibag", "slug": "raibag", "reporting_city": "Belagavi" },
    { "name": "Raichur", "slug": "raichur", "reporting_city": "Raichur" },
    { "name": "Ramanagara", "slug": "ramanagara", "reporting_city": "Ramanagara" },
    { "name": "Ramdurg", "slug": "ramdurg", "reporting_city": "Belagavi" },
    { "name": "Ranebennur", "slug": "ranebennur", "reporting_city": "Haveri" },
    { "name": "Ron", "slug": "ron", "reporting_city": "Gadag" },
    { "name": "Sagara", "slug": "sagara", "reporting_city": "Shivamogga" },
    { "name": "Sakleshpur", "slug": "sakleshpur", "reporting_city": "Hassan" },
    { "name": "Saligrama", "slug": "saligrama", "reporting_city": "Udupi" },
    { "name": "Sankeshwar", "slug": "sankeshwar", "reporting_city": "Belagavi" },
    { "name": "Santhebennur", "slug": "santhebennur", "reporting_city": "Davanagere" },
    { "name": "Saundatti", "slug": "saundatti", "reporting_city": "Belagavi" },
    { "name": "Shahapur", "slug": "shahapur", "reporting_city": "Yadgir" },
    { "name": "Shikaripur", "slug": "shikaripur", "reporting_city": "Shivamogga" },
    { "name": "Shirahatti", "slug": "shirahatti", "reporting_city": "Gadag" },
    { "name": "Shirali", "slug": "shirali", "reporting_city": "Karwar" },
    { "name": "Shivamogga", "slug": "shivamogga", "reporting_city": "Shivamogga" },
    { "name": "Siddapura", "slug": "siddapura", "reporting_city": "Karwar" },
    { "name": "Sidlaghatta", "slug": "sidlaghatta", "reporting_city": "Chikkaballapur" },
    { "name": "Sindhanur", "slug": "sindhanur", "reporting_city": "Raichur" },
    { "name": "Sira", "slug": "sira", "reporting_city": "Tumakuru" },
    { "name": "Sirsi", "slug": "sirsi", "reporting_city": "Karwar" },
    { "name": "Siruguppa", "slug": "siruguppa", "reporting_city": "Ballari" },
    { "name": "Srirangapatna", "slug": "srirangapatna", "reporting_city": "Mandya" },
    { "name": "Surathkal", "slug": "surathkal", "reporting_city": "Mangaluru" },
    { "name": "Tarikere", "slug": "tarikere", "reporting_city": "Chikmagalur" },
    { "name": "Terdal", "slug": "terdal", "reporting_city": "Bagalkot" },
    { "name": "Thirthahalli", "slug": "thirthahalli", "reporting_city": "Shivamogga" },
    { "name": "Tiptur", "slug": "tiptur", "reporting_city": "Tumakuru" },
    { "name": "Tirumakudalu Narasipura", "slug": "tirumakudalu-narasipura", "reporting_city": "Mysuru" },
    { "name": "Tumakuru (Tumkur)", "slug": "tumakuru-tumkur", "reporting_city": "Tumakuru" },
    { "name": "Turuvekere", "slug": "turuvekere", "reporting_city": "Tumakuru" },
    { "name": "Udupi", "slug": "udupi", "reporting_city": "Udupi" },
    { "name": "Uttara Kannada", "slug": "uttara-kannada", "reporting_city": "Karwar" },
    { "name": "Vijayapura (Bengaluru Rural)", "slug": "vijayapura-bengaluru-rural", "reporting_city": "Bengaluru" },
    { "name": "Vijayapura (Bijapur)", "slug": "vijayapura-bijapur", "reporting_city": "Vijayapura" },
    { "name": "Yelburga", "slug": "yelburga", "reporting_city": "Koppal" }
  ],
  "Tamil Nadu": [
    { "name": "Acharapakkam", "slug": "acharapakkam", "reporting_city": "Chengalpattu" },
    { "name": "Alangudi", "slug": "alangudi", "reporting_city": "Pudukkottai" },
    { "name": "Alangulam", "slug": "alangulam", "reporting_city": "Tenkasi" },
    { "name": "Ambur", "slug": "ambur", "reporting_city": "Vellore" },
    { "name": "Anthiyur", "slug": "anthiyur", "reporting_city": "Erode" },
    { "name": "Arakkonam", "slug": "arakkonam", "reporting_city": "Vellore" },
    { "name": "Aranthangi", "slug": "aranthangi", "reporting_city": "Pudukkottai" },
    { "name": "Aravakurichi", "slug": "aravakurichi", "reporting_city": "Karur" },
    { "name": "Ariyalur", "slug": "ariyalur", "reporting_city": "Ariyalur" },
    { "name": "Arni", "slug": "arni", "reporting_city": "Tiruvannamalai" },
    { "name": "Aruppukottai", "slug": "aruppukottai", "reporting_city": "Virudhunagar" },
    { "name": "Attur", "slug": "attur", "reporting_city": "Salem" },
    { "name": "Auroville", "slug": "auroville", "reporting_city": "Pondicherry" },
    { "name": "Avinashi", "slug": "avinashi", "reporting_city": "Tirupur" },
    { "name": "Batlagundu", "slug": "batlagundu", "reporting_city": "Dindigul" },
    { "name": "Bhavani", "slug": "bhavani", "reporting_city": "Erode" },
    { "name": "Bodinayakanur", "slug": "bodinayakanur", "reporting_city": "Theni" },
    { "name": "Bommidi", "slug": "bommidi", "reporting_city": "Dharmapuri" },
    { "name": "Chengalpattu", "slug": "chengalpattu", "reporting_city": "Chengalpattu" },
    { "name": "Chennai", "slug": "chennai", "reporting_city": "Chennai" },
    { "name": "Chetpet", "slug": "chetpet", "reporting_city": "Tiruvannamalai" },
    { "name": "Cheyyar", "slug": "cheyyar", "reporting_city": "Tiruvannamalai" },
    { "name": "Cheyyur", "slug": "cheyyur", "reporting_city": "Chengalpattu" },
    { "name": "Chidambaram", "slug": "chidambaram", "reporting_city": "Cuddalore" },
    { "name": "Chinnalapatti", "slug": "chinnalapatti", "reporting_city": "Dindigul" },
    { "name": "Chinnamanur", "slug": "chinnamanur", "reporting_city": "Theni" },
    { "name": "Coimbatore", "slug": "coimbatore", "reporting_city": "Coimbatore" },
    { "name": "Coonoor", "slug": "coonoor", "reporting_city": "Ooty" },
    { "name": "Cuddalore", "slug": "cuddalore", "reporting_city": "Cuddalore" },
    { "name": "Cumbum", "slug": "cumbum", "reporting_city": "Theni" },
    { "name": "Devakottai", "slug": "devakottai", "reporting_city": "Sivaganga" },
    { "name": "Dharapuram", "slug": "dharapuram", "reporting_city": "Tirupur" },
    { "name": "Dharmapuri", "slug": "dharmapuri", "reporting_city": "Dharmapuri" },
    { "name": "Dindigul", "slug": "dindigul", "reporting_city": "Dindigul" },
    { "name": "Erode", "slug": "erode", "reporting_city": "Erode" },
    { "name": "Gingee", "slug": "gingee", "reporting_city": "Villupuram" },
    { "name": "Gobichettipalayam", "slug": "gobichettipalayam", "reporting_city": "Erode" },
    { "name": "Gudiyatham", "slug": "gudiyatham", "reporting_city": "Vellore" },
    { "name": "Harur", "slug": "harur", "reporting_city": "Dharmapuri" },
    { "name": "Hosur", "slug": "hosur", "reporting_city": "Krishnagiri" },
    { "name": "Idappadi", "slug": "idappadi", "reporting_city": "Salem" },
    { "name": "Jalakandapuram", "slug": "jalakandapuram", "reporting_city": "Salem" },
    { "name": "Jayamkondacholapuram", "slug": "jayamkondacholapuram", "reporting_city": "Ariyalur" },
    { "name": "Jolarpettai", "slug": "jolarpettai", "reporting_city": "Vellore" },
    { "name": "Kallakurichi", "slug": "kallakurichi", "reporting_city": "Kallakurichi" },
    { "name": "Kamanaickenpalayam", "slug": "kamanaickenpalayam", "reporting_city": "Tirupur" },
    { "name": "Kambainallur", "slug": "kambainallur", "reporting_city": "Dharmapuri" },
    { "name": "Kanchipuram", "slug": "kanchipuram", "reporting_city": "Kanchipuram" },
    { "name": "Kandamangalam", "slug": "kandamangalam", "reporting_city": "Villupuram" },
    { "name": "Kangayam", "slug": "kangayam", "reporting_city": "Tirupur" },
    { "name": "Kanniyakumari", "slug": "kanniyakumari", "reporting_city": "Nagercoil" },
    { "name": "Kanyakumari", "slug": "kanyakumari", "reporting_city": "Nagercoil" },
    { "name": "Karaikal", "slug": "karaikal", "reporting_city": "Karaikal" },
    { "name": "Karambakkudi", "slug": "karambakkudi", "reporting_city": "Pudukkottai" },
    { "name": "Karimangalam", "slug": "karimangalam", "reporting_city": "Dharmapuri" },
    { "name": "Karur", "slug": "karur", "reporting_city": "Karur" },
    { "name": "Kaveripattinam", "slug": "kaveripattinam", "reporting_city": "Krishnagiri" },
    { "name": "Kinathukadavu", "slug": "kinathukadavu", "reporting_city": "Coimbatore" },
    { "name": "Kodaikanal", "slug": "kodaikanal", "reporting_city": "Dindigul" },
    { "name": "Komarapalayam", "slug": "komarapalayam", "reporting_city": "Namakkal" },
    { "name": "Kovilpatti", "slug": "kovilpatti", "reporting_city": "Thoothukudi" },
    { "name": "Krishnagiri", "slug": "krishnagiri", "reporting_city": "Krishnagiri" },
    { "name": "Kulithalai", "slug": "kulithalai", "reporting_city": "Karur" },
    { "name": "Kumbakonam", "slug": "kumbakonam", "reporting_city": "Thanjavur" },
    { "name": "Lalgudi", "slug": "lalgudi", "reporting_city": "Trichy" },
    { "name": "Madurai", "slug": "madurai", "reporting_city": "Madurai" },
    { "name": "Mamallapuram", "slug": "mamallapuram", "reporting_city": "Chengalpattu" },
    { "name": "Manamadurai", "slug": "manamadurai", "reporting_city": "Sivaganga" },
    { "name": "Manapparai", "slug": "manapparai", "reporting_city": "Trichy" },
    { "name": "Mannargudi", "slug": "mannargudi", "reporting_city": "Thiruvarur" },
    { "name": "Maraimalai Nagar", "slug": "maraimalai-nagar", "reporting_city": "Chengalpattu" },
    { "name": "Marthandam", "slug": "marthandam", "reporting_city": "Nagercoil" },
    { "name": "Mayiladuthurai", "slug": "mayiladuthurai", "reporting_city": "Mayiladuthurai" },
    { "name": "Mettuppalayam", "slug": "mettuppalayam", "reporting_city": "Coimbatore" },
    { "name": "Mettur", "slug": "mettur", "reporting_city": "Salem" },
    { "name": "Musiri", "slug": "musiri", "reporting_city": "Trichy" },
    { "name": "Nagapattinam", "slug": "nagapattinam", "reporting_city": "Nagapattinam" },
    { "name": "Nagercoil", "slug": "nagercoil", "reporting_city": "Nagercoil" },
    { "name": "Namakkal", "slug": "namakkal", "reporting_city": "Namakkal" },
    { "name": "Natham", "slug": "natham", "reporting_city": "Dindigul" },
    { "name": "Neyveli", "slug": "neyveli", "reporting_city": "Cuddalore" },
    { "name": "Nilagiri", "slug": "nilagiri", "reporting_city": "Ooty" },
    { "name": "Nilakottai", "slug": "nilakottai", "reporting_city": "Dindigul" },
    { "name": "Nilgiris", "slug": "nilgiris", "reporting_city": "Ooty" },
    { "name": "Oddanchatram", "slug": "oddanchatram", "reporting_city": "Dindigul" },
    { "name": "Ooty", "slug": "ooty", "reporting_city": "Ooty" },
    { "name": "Palani", "slug": "palani", "reporting_city": "Dindigul" },
    { "name": "Palladam", "slug": "palladam", "reporting_city": "Tirupur" },
    { "name": "Pallipalayam", "slug": "pallipalayam", "reporting_city": "Namakkal" },
    { "name": "Panachamoodu", "slug": "panachamoodu", "reporting_city": "Nagercoil" },
    { "name": "Panapakkam", "slug": "panapakkam", "reporting_city": "Vellore" },
    { "name": "Panruti", "slug": "panruti", "reporting_city": "Cuddalore" },
    { "name": "Papanasam", "slug": "papanasam", "reporting_city": "Thanjavur" },
    { "name": "Pappanadu", "slug": "pappanadu", "reporting_city": "Thanjavur" },
    { "name": "Pattabiram", "slug": "pattabiram", "reporting_city": "Chennai" },
    { "name": "Pattukkottai", "slug": "pattukkottai", "reporting_city": "Thanjavur" },
    { "name": "Pennagaram", "slug": "pennagaram", "reporting_city": "Dharmapuri" },
    { "name": "Peralam", "slug": "peralam", "reporting_city": "Thiruvarur" },
    { "name": "Perambalur", "slug": "perambalur", "reporting_city": "Perambalur" },
    { "name": "Pernambut", "slug": "pernambut", "reporting_city": "Vellore" },
    { "name": "Perundurai", "slug": "perundurai", "reporting_city": "Erode" },
    { "name": "Pollachi", "slug": "pollachi", "reporting_city": "Coimbatore" },
    { "name": "Pondicherry", "slug": "pondicherry", "reporting_city": "Pondicherry" },
    { "name": "Ponnamaravathi", "slug": "ponnamaravathi", "reporting_city": "Pudukkottai" },
    { "name": "Ponneri", "slug": "ponneri", "reporting_city": "Tiruvallur" },
    { "name": "Pudukkottai", "slug": "pudukkottai", "reporting_city": "Pudukkottai" },
    { "name": "Puliampatti", "slug": "puliampatti", "reporting_city": "Erode" },
    { "name": "Puliyangudi", "slug": "puliyangudi", "reporting_city": "Tenkasi" },
    { "name": "Rajapalayam", "slug": "rajapalayam", "reporting_city": "Virudhunagar" },
    { "name": "Ramanathapuram", "slug": "ramanathapuram", "reporting_city": "Ramanathapuram" },
    { "name": "Ranipet", "slug": "ranipet", "reporting_city": "Vellore" },
    { "name": "Rasipuram", "slug": "rasipuram", "reporting_city": "Namakkal" },
    { "name": "Rayakottai", "slug": "rayakottai", "reporting_city": "Krishnagiri" },
    { "name": "Salem", "slug": "salem", "reporting_city": "Salem" },
    { "name": "Sankarankoil", "slug": "sankarankoil", "reporting_city": "Tenkasi" },
    { "name": "Sankarapuram", "slug": "sankarapuram", "reporting_city": "Kallakurichi" },
    { "name": "Sathankulam", "slug": "sathankulam", "reporting_city": "Thoothukudi" },
    { "name": "Sathyamangalam", "slug": "sathyamangalam", "reporting_city": "Erode" },
    { "name": "Sendurai", "slug": "sendurai", "reporting_city": "Ariyalur" },
    { "name": "Sengottai", "slug": "sengottai", "reporting_city": "Tenkasi" },
    { "name": "Sirkali", "slug": "sirkali", "reporting_city": "Mayiladuthurai" },
    { "name": "Sivaganga", "slug": "sivaganga", "reporting_city": "Sivaganga" },
    { "name": "Sivakasi", "slug": "sivakasi", "reporting_city": "Virudhunagar" },
    { "name": "Srivaikuntam", "slug": "srivaikuntam", "reporting_city": "Thoothukudi" },
    { "name": "Srivilliputhur", "slug": "srivilliputhur", "reporting_city": "Virudhunagar" },
    { "name": "Sunguvarchatram", "slug": "sunguvarchatram", "reporting_city": "Kanchipuram" },
    { "name": "Tenkasi", "slug": "tenkasi", "reporting_city": "Tenkasi" },
    { "name": "Thanipadi", "slug": "thanipadi", "reporting_city": "Tiruvannamalai" },
    { "name": "Thanjavur", "slug": "thanjavur", "reporting_city": "Thanjavur" },
    { "name": "Theni", "slug": "theni", "reporting_city": "Theni" },
    { "name": "Thirubuvanai", "slug": "thirubuvanai", "reporting_city": "Pondicherry" },
    { "name": "Thirukkattupalli", "slug": "thirukkattupalli", "reporting_city": "Thanjavur" },
    { "name": "Thirunageswaram", "slug": "thirunageswaram", "reporting_city": "Thanjavur" },
    { "name": "Thiruthuraipoondi", "slug": "thiruthuraipoondi", "reporting_city": "Thiruvarur" },
    { "name": "Thiruttani", "slug": "thiruttani", "reporting_city": "Tiruvallur" },
    { "name": "Thiruvarur", "slug": "thiruvarur", "reporting_city": "Thiruvarur" },
    { "name": "Thoothukudi", "slug": "thoothukudi", "reporting_city": "Thoothukudi" },
    { "name": "Thottiyam", "slug": "thottiyam", "reporting_city": "Trichy" },
    { "name": "Thuraiyur", "slug": "thuraiyur", "reporting_city": "Trichy" },
    { "name": "Tindivanam", "slug": "tindivanam", "reporting_city": "Villupuram" },
    { "name": "Tiruchendur", "slug": "tiruchendur", "reporting_city": "Thoothukudi" },
    { "name": "Tiruchirappalli", "slug": "tiruchirappalli", "reporting_city": "Trichy" },
    { "name": "Tirukoilur", "slug": "tirukoilur", "reporting_city": "Kallakurichi" },
    { "name": "Tirunelveli", "slug": "tirunelveli", "reporting_city": "Tirunelveli" },
    { "name": "Tirupattur", "slug": "tirupattur", "reporting_city": "Vellore" },
    { "name": "Tirupur", "slug": "tirupur", "reporting_city": "Tirupur" },
    { "name": "Tiruvallur", "slug": "tiruvallur", "reporting_city": "Tiruvallur" },
    { "name": "Tiruvannamalai", "slug": "tiruvannamalai", "reporting_city": "Tiruvannamalai" },
    { "name": "Tiruvarur", "slug": "tiruvarur", "reporting_city": "Thiruvarur" },
    { "name": "Tittagudi", "slug": "tittagudi", "reporting_city": "Cuddalore" },
    { "name": "Trichy", "slug": "trichy", "reporting_city": "Trichy" },
    { "name": "Udumalaipettai", "slug": "udumalaipettai", "reporting_city": "Tirupur" },
    { "name": "Udumalpet", "slug": "udumalpet", "reporting_city": "Tirupur" },
    { "name": "Ulundurpet", "slug": "ulundurpet", "reporting_city": "Kallakurichi" },
    { "name": "Uthamapalayam", "slug": "uthamapalayam", "reporting_city": "Theni" },
    { "name": "Uthangarai", "slug": "uthangarai", "reporting_city": "Krishnagiri" },
    { "name": "Uthiramerur", "slug": "uthiramerur", "reporting_city": "Kanchipuram" },
    { "name": "Uthukottai", "slug": "uthukottai", "reporting_city": "Tiruvallur" },
    { "name": "Vadalur", "slug": "vadalur", "reporting_city": "Cuddalore" },
    { "name": "Vaitheeswarankoil", "slug": "vaitheeswarankoil", "reporting_city": "Mayiladuthurai" },
    { "name": "Vaniyambadi", "slug": "vaniyambadi", "reporting_city": "Vellore" },
    { "name": "Vazhapadi", "slug": "vazhapadi", "reporting_city": "Salem" },
    { "name": "Vedasandur", "slug": "vedasandur", "reporting_city": "Dindigul" },
    { "name": "Vellakoil", "slug": "vellakoil", "reporting_city": "Tirupur" },
    { "name": "Vellore", "slug": "vellore", "reporting_city": "Vellore" },
    { "name": "Vettaikaranpudur", "slug": "vettaikaranpudur", "reporting_city": "Coimbatore" },
    { "name": "Vettavalam", "slug": "vettavalam", "reporting_city": "Tiruvannamalai" },
    { "name": "Vikravandi", "slug": "vikravandi", "reporting_city": "Villupuram" },
    { "name": "Villupuram", "slug": "villupuram", "reporting_city": "Villupuram" },
    { "name": "Viralimalai", "slug": "viralimalai", "reporting_city": "Pudukkottai" },
    { "name": "Virudhachalam", "slug": "virudhachalam", "reporting_city": "Cuddalore" },
    { "name": "Virudhunagar", "slug": "virudhunagar", "reporting_city": "Virudhunagar" },
    { "name": "Yelagiri", "slug": "yelagiri", "reporting_city": "Vellore" }
  ],
  "Maharashtra": [
    { "name": "Ahilyanagar (Ahmednagar)", "slug": "ahilyanagar-ahmednagar", "reporting_city": "Ahmednagar" },
    { "name": "Akluj", "slug": "akluj", "reporting_city": "Solapur" },
    { "name": "Akola", "slug": "akola", "reporting_city": "Akola" },
    { "name": "Akot", "slug": "akot", "reporting_city": "Akola" },
    { "name": "Alibaug", "slug": "alibaug", "reporting_city": "Mumbai" },
    { "name": "Amalner", "slug": "amalner", "reporting_city": "Jalgaon" },
    { "name": "Ambajogai", "slug": "ambajogai", "reporting_city": "Beed" },
    { "name": "Amgaon", "slug": "amgaon", "reporting_city": "Gondia" },
    { "name": "Amravati", "slug": "amravati", "reporting_city": "Amravati" },
    { "name": "Ashta (Maharashtra)", "slug": "ashta-maharashtra", "reporting_city": "Sangli" },
    { "name": "Atpadi", "slug": "atpadi", "reporting_city": "Sangli" },
    { "name": "Baramati", "slug": "baramati", "reporting_city": "Pune" },
    { "name": "Barshi", "slug": "barshi", "reporting_city": "Solapur" },
    { "name": "Basmat", "slug": "basmat", "reporting_city": "Hingoli" },
    { "name": "Beed", "slug": "beed", "reporting_city": "Beed" },
    { "name": "Bhandara", "slug": "bhandara", "reporting_city": "Bhandara" },
    { "name": "Bhusawal", "slug": "bhusawal", "reporting_city": "Jalgaon" },
    { "name": "Boisar", "slug": "boisar", "reporting_city": "Mumbai" },
    { "name": "Brahmapuri", "slug": "brahmapuri", "reporting_city": "Chandrapur" },
    { "name": "Buldana", "slug": "buldana", "reporting_city": "Buldhana" },
    { "name": "Chakan", "slug": "chakan", "reporting_city": "Pune" },
    { "name": "Chalisgaon", "slug": "chalisgaon", "reporting_city": "Jalgaon" },
    { "name": "Chandpur", "slug": "chandrapur", "reporting_city": "Chandrapur" },
    { "name": "Chhatrapati Sambhajinagar (Aurangabad)", "slug": "chhatrapati-sambhajinagar-aurangabad", "reporting_city": "Aurangabad" },
    { "name": "Chikhli", "slug": "chikhli", "reporting_city": "Buldhana" },
    { "name": "Chiplun", "slug": "chiplun", "reporting_city": "Ratnagiri" },
    { "name": "Dahanu", "slug": "dahanu", "reporting_city": "Mumbai" },
    { "name": "Darwha", "slug": "darwha", "reporting_city": "Yavatmal" },
    { "name": "Daund", "slug": "daund", "reporting_city": "Pune" },
    { "name": "Deogadh", "slug": "deogadh", "reporting_city": "Ratnagiri" },
    { "name": "Deoli", "slug": "deoli", "reporting_city": "Wardha" },
    { "name": "Devgad", "slug": "devgad", "reporting_city": "Ratnagiri" },
    { "name": "Dharashiv (Osmanabad)", "slug": "dharashiv-osmanabad", "reporting_city": "Osmanabad" },
    { "name": "Dhule", "slug": "dhule", "reporting_city": "Dhule" },
    { "name": "Digras", "slug": "digras", "reporting_city": "Yavatmal" },
    { "name": "Erandol", "slug": "erandol", "reporting_city": "Jalgaon" },
    { "name": "Gadchiroli", "slug": "gadchiroli", "reporting_city": "Gadchiroli" },
    { "name": "Gadhinglaj", "slug": "gadhinglaj", "reporting_city": "Kolhapur" },
    { "name": "Georai", "slug": "georai", "reporting_city": "Beed" },
    { "name": "Ghatanji", "slug": "ghatanji", "reporting_city": "Yavatmal" },
    { "name": "Gondia", "slug": "gondia", "reporting_city": "Gondia" },
    { "name": "Guhagar", "slug": "guhagar", "reporting_city": "Ratnagiri" },
    { "name": "Hinganghat", "slug": "hinganghat", "reporting_city": "Wardha" },
    { "name": "Hingoli", "slug": "hingoli", "reporting_city": "Hingoli" },
    { "name": "Ichalkaranji", "slug": "ichalkaranji", "reporting_city": "Kolhapur" },
    { "name": "Indapur", "slug": "indapur", "reporting_city": "Pune" },
    { "name": "Jalgaon", "slug": "jalgaon", "reporting_city": "Jalgaon" },
    { "name": "Jalna", "slug": "jalna", "reporting_city": "Jalna" },
    { "name": "Jamkhed", "slug": "jamkhed", "reporting_city": "Ahmednagar" },
    { "name": "Jamner", "slug": "jamner", "reporting_city": "Jalgaon" },
    { "name": "Jaysingpur", "slug": "jaysingpur", "reporting_city": "Kolhapur" },
    { "name": "Jejuri", "slug": "jejuri", "reporting_city": "Pune" },
    { "name": "Jintur", "slug": "jintur", "reporting_city": "Parbhani" },
    { "name": "Kaij", "slug": "kaij", "reporting_city": "Beed" },
    { "name": "Kamptee", "slug": "kamptee", "reporting_city": "Nagpur" },
    { "name": "Kankavli", "slug": "kankavli", "reporting_city": "Ratnagiri" },
    { "name": "Karad", "slug": "karad", "reporting_city": "Satara" },
    { "name": "Karanja Lad", "slug": "karanja-lad", "reporting_city": "Washim" },
    { "name": "Karjat", "slug": "karjat", "reporting_city": "Mumbai" },
    { "name": "Karmala", "slug": "karmala", "reporting_city": "Solapur" },
    { "name": "Kashig", "slug": "kashig", "reporting_city": "Mumbai" },
    { "name": "Kashti", "slug": "kashti", "reporting_city": "Ahmednagar" },
    { "name": "Khamgaon", "slug": "khamgaon", "reporting_city": "Buldhana" },
    { "name": "Kharghar", "slug": "kharghar", "reporting_city": "Mumbai" },
    { "name": "Khed", "slug": "khed", "reporting_city": "Pune" },
    { "name": "Khopoli", "slug": "khopoli", "reporting_city": "Mumbai" },
    { "name": "Kolhapur", "slug": "kolhapur", "reporting_city": "Kolhapur" },
    { "name": "Kopargaon", "slug": "kopargaon", "reporting_city": "Ahmednagar" },
    { "name": "Kudus", "slug": "kudus", "reporting_city": "Mumbai" },
    { "name": "Kurundwad", "slug": "kurundwad", "reporting_city": "Kolhapur" },
    { "name": "Latur", "slug": "latur", "reporting_city": "Latur" },
    { "name": "Lavasa", "slug": "lavasa", "reporting_city": "Pune" },
    { "name": "Lonand", "slug": "lonand", "reporting_city": "Satara" },
    { "name": "Lonar", "slug": "lonar", "reporting_city": "Buldhana" },
    { "name": "Lonavala", "slug": "lonavala", "reporting_city": "Pune" },
    { "name": "Loni", "slug": "loni", "reporting_city": "Ahmednagar" },
    { "name": "Mahabaleshwar", "slug": "mahabaleshwar", "reporting_city": "Satara" },
    { "name": "Mahad", "slug": "mahad", "reporting_city": "Mumbai" },
    { "name": "Malegaon", "slug": "malegaon", "reporting_city": "Nashik" },
    { "name": "Malkapur", "slug": "malkapur", "reporting_city": "Buldhana" },
    { "name": "Mandwa", "slug": "mandwa", "reporting_city": "Mumbai" },
    { "name": "Mangalwedha", "slug": "mangalwedha", "reporting_city": "Solapur" },
    { "name": "Manmad", "slug": "manmad", "reporting_city": "Nashik" },
    { "name": "Mehkar", "slug": "mehkar", "reporting_city": "Buldhana" },
    { "name": "Miraj", "slug": "miraj", "reporting_city": "Sangli" },
    { "name": "Mumbai", "slug": "mumbai", "reporting_city": "Mumbai" },
    { "name": "Murtizapur", "slug": "murtizapur", "reporting_city": "Akola" },
    { "name": "Nagothane", "slug": "nagothane", "reporting_city": "Mumbai" },
    { "name": "Nagpur", "slug": "nagpur", "reporting_city": "Nagpur" },
    { "name": "Nanded", "slug": "nanded", "reporting_city": "Nanded" },
    { "name": "Nandurbar", "slug": "nandurbar", "reporting_city": "Nandurbar" },
    { "name": "Nashik", "slug": "nashik", "reporting_city": "Nashik" },
    { "name": "Ner Parsopant", "slug": "ner-parsopant", "reporting_city": "Yavatmal" },
    { "name": "Neral", "slug": "neral", "reporting_city": "Mumbai" },
    { "name": "Nilanga", "slug": "nilanga", "reporting_city": "Latur" },
    { "name": "Niphad", "slug": "niphad", "reporting_city": "Nashik" },
    { "name": "Ojhar", "slug": "ojhar", "reporting_city": "Nashik" },
    { "name": "Palghar", "slug": "palghar", "reporting_city": "Mumbai" },
    { "name": "Palus", "slug": "palus", "reporting_city": "Sangli" },
    { "name": "Panchgani", "slug": "panchgani", "reporting_city": "Satara" },
    { "name": "Pandharkawada", "slug": "pandharkawada", "reporting_city": "Yavatmal" },
    { "name": "Pandharpur", "slug": "pandharpur", "reporting_city": "Solapur" },
    { "name": "Paratwada", "slug": "paratwada", "reporting_city": "Amravati" },
    { "name": "Parbhani", "slug": "parbhani", "reporting_city": "Parbhani" },
    { "name": "Parli", "slug": "parli", "reporting_city": "Beed" },
    { "name": "Patan (Satara)", "slug": "atan-satara", "reporting_city": "Satara" },
    { "name": "Pen", "slug": "pen", "reporting_city": "Mumbai" },
    { "name": "Phaltan", "slug": "phaltan", "reporting_city": "Satara" },
    { "name": "Pimpalner", "slug": "pimpalner", "reporting_city": "Dhule" },
    { "name": "Pimpri", "slug": "pimpri", "reporting_city": "Pune" },
    { "name": "Pulgaon", "slug": "pulgaon", "reporting_city": "Wardha" },
    { "name": "Pune", "slug": "pune", "reporting_city": "Pune" },
    { "name": "Pusad", "slug": "pusad", "reporting_city": "Yavatmal" },
    { "name": "Rahata", "slug": "rahata", "reporting_city": "Ahmednagar" },
    { "name": "Rahimatpur", "slug": "rahimatpur", "reporting_city": "Satara" },
    { "name": "Rahuri", "slug": "rahuri", "reporting_city": "Ahmednagar" },
    { "name": "Raigad", "slug": "raigad", "reporting_city": "Mumbai" },
    { "name": "Rajapur", "slug": "rajapur", "reporting_city": "Ratnagiri" },
    { "name": "Rajgurunagar", "slug": "rajgurunagar", "reporting_city": "Pune" },
    { "name": "Ramtek", "slug": "ramtek", "reporting_city": "Nagpur" },
    { "name": "Ratnagiri", "slug": "ratnagiri", "reporting_city": "Ratnagiri" },
    { "name": "Raver", "slug": "raver", "reporting_city": "Jalgaon" },
    { "name": "Revdanda", "slug": "revdanda", "reporting_city": "Mumbai" },
    { "name": "Sangamner", "slug": "sangamner", "reporting_city": "Ahmednagar" },
    { "name": "Sangli", "slug": "sangli", "reporting_city": "Sangli" },
    { "name": "Sangola", "slug": "sangola", "reporting_city": "Solapur" },
    { "name": "Saoner", "slug": "saoner", "reporting_city": "Nagpur" },
    { "name": "Satana", "slug": "satana", "reporting_city": "Nashik" },
    { "name": "Satara", "slug": "satara", "reporting_city": "Satara" },
    { "name": "Sawantwadi", "slug": "sawantwadi", "reporting_city": "Ratnagiri" },
    { "name": "Selu", "slug": "selu", "reporting_city": "Parbhani" },
    { "name": "Shahada", "slug": "shahada", "reporting_city": "Nandurbar" },
    { "name": "Shikrapur", "slug": "shikrapur", "reporting_city": "Pune" },
    { "name": "Shindkheda", "slug": "shindkheda", "reporting_city": "Dhule" },
    { "name": "Shirpur", "slug": "shirpur", "reporting_city": "Dhule" },
    { "name": "Shirur", "slug": "shirur", "reporting_city": "Pune" },
    { "name": "Shrigonda", "slug": "shrigonda", "reporting_city": "Ahmednagar" },
    { "name": "Shrirampur", "slug": "shrirampur", "reporting_city": "Ahmednagar" },
    { "name": "Sindhudurg", "slug": "sindhudurg", "reporting_city": "Ratnagiri" },
    { "name": "Sinnar", "slug": "sinnar", "reporting_city": "Nashik" },
    { "name": "Solapur", "slug": "solapur", "reporting_city": "Solapur" },
    { "name": "Tarapur", "slug": "tarapur", "reporting_city": "Mumbai" },
    { "name": "Tasgaon", "slug": "tasgaon", "reporting_city": "Sangli" },
    { "name": "Tembhurni", "slug": "tembhurni", "reporting_city": "Solapur" },
    { "name": "Tumsar", "slug": "tumsar", "reporting_city": "Bhandara" },
    { "name": "Udgir", "slug": "udgir", "reporting_city": "Latur" },
    { "name": "Umbraj", "slug": "umbraj", "reporting_city": "Satara" },
    { "name": "Umred", "slug": "umred", "reporting_city": "Nagpur" },
    { "name": "Vaduj", "slug": "vaduj", "reporting_city": "Satara" },
    { "name": "Vaijapur", "slug": "vaijapur", "reporting_city": "Aurangabad" },
    { "name": "Vasind", "slug": "vasind", "reporting_city": "Mumbai" },
    { "name": "Vengurla", "slug": "vengurla", "reporting_city": "Ratnagiri" },
    { "name": "Vita", "slug": "vita", "reporting_city": "Sangli" },
    { "name": "Wai", "slug": "wai", "reporting_city": "Satara" },
    { "name": "Waluj", "slug": "waluj", "reporting_city": "Aurangabad" },
    { "name": "Wani", "slug": "wani", "reporting_city": "Yavatmal" },
    { "name": "Wardha", "slug": "wardha", "reporting_city": "Wardha" },
    { "name": "Warora", "slug": "warora", "reporting_city": "Chandrapur" },
    { "name": "Washim", "slug": "washim", "reporting_city": "Washim" },
    { "name": "Yavatmal", "slug": "yavatmal", "reporting_city": "Yavatmal" },
    { "name": "Yeola", "slug": "yeola", "reporting_city": "Nashik" },
    { "name": "Yewat", "slug": "yewat", "reporting_city": "Pune" },
    { "name": "Zarap", "slug": "zarap", "reporting_city": "Ratnagiri" }
  ]
}