{
  "Andhra Pradesh": [
    { "name": "Addanki", "slug": "addanki", "reporting_city": "Ongole" },
    { "name": "Adoni", "slug": "adoni", "reporting_city": "Kurnool" },
    { "name": "Akividu", "slug": "akividu", "reporting_city": "Bhimavaram" },
    { "name": "Allagadda", "slug": "allagadda", "reporting_city": "Nandyal" },
    { "name": "Amalapuram", "slug": "amalapuram", "reporting_city": "Amalapuram" },
    { "name": "Anakapalle", "slug": "anakapalle", "reporting_city": "Visakhapatnam" },
    { "name": "Anandapuram", "slug": "anandapuram", "reporting_city": "Visakhapatnam" },
    { "name": "Anantapur", "slug": "anantapur", "reporting_city": "Anantapur" },
    { "name": "Anaparthi", "slug": "anaparthi", "reporting_city": "Rajahmundry" },
    { "name": "Anaparthy", "slug": "anaparthy", "reporting_city": "Rajahmundry" },
    { "name": "Angara", "slug": "angara", "reporting_city": "Rajahmundry" },
    { "name": "Atchutapuram", "slug": "atchutapuram", "reporting_city": "Visakhapatnam" },
    { "name": "Atmakur", "slug": "atmakur", "reporting_city": "Nellore" },
    { "name": "Atmakur Nellore", "slug": "atmakur-nellore", "reporting_city": "Nellore" },
    { "name": "Attili", "slug": "attili", "reporting_city": "Tanuku" },
    { "name": "B Kothakota", "slug": "b-kothakota", "reporting_city": "Madanapalle" },
    { "name": "Banaganapalli", "slug": "banaganapalli", "reporting_city": "Nandyal" },
    { "name": "Bangarupallem", "slug": "bangarupallem", "reporting_city": "Chittoor" },
    { "name": "Bapatla", "slug": "bapatla", "reporting_city": "Guntur" },
    { "name": "Bendamurulanka", "slug": "bendamurulanka", "reporting_city": "Amalapuram" },
    { "name": "Bestavaripeta", "slug": "bestavaripeta", "reporting_city": "Markapuram" },
    { "name": "Bhimavaram", "slug": "bhimavaram", "reporting_city": "Bhimavaram" },
    { "name": "Bobbili", "slug": "bobbili", "reporting_city": "Vizianagaram" },
    { "name": "Buchireddypalem", "slug": "buchireddypalem", "reporting_city": "Nellore" },
    { "name": "Chagallu", "slug": "chagallu", "reporting_city": "Rajahmundry" },
    { "name": "Chebrolu", "slug": "chebrolu", "reporting_city": "Guntur" },
    { "name": "Cheepurupalli", "slug": "cheepurupalli", "reporting_city": "Vizianagaram" },
    { "name": "Cherukupalli", "slug": "cherukupalli", "reporting_city": "Guntur" },
    { "name": "Chilakaluripet", "slug": "chilakaluripet", "reporting_city": "Guntur" },
    { "name": "Chimakurthy", "slug": "chimakurthy", "reporting_city": "Ongole" },
    { "name": "Chipurupalle", "slug": "chipurupalle", "reporting_city": "Vizianagaram" },
    { "name": "Chirala", "slug": "chirala", "reporting_city": "Guntur" },
    { "name": "Chittoor", "slug": "chittoor", "reporting_city": "Chittoor" },
    { "name": "Chodavaram", "slug": "chodavaram", "reporting_city": "Visakhapatnam" },
    { "name": "Darsi", "slug": "darsi", "reporting_city": "Ongole" },
    { "name": "Devarapalli", "slug": "devarapalli", "reporting_city": "Rajahmundry" },
    { "name": "Dharmavaram", "slug": "dharmavaram", "reporting_city": "Anantapur" },
    { "name": "Dhone", "slug": "dhone", "reporting_city": "Kurnool" },
    { "name": "Dowlaiswaram", "slug": "dowlaiswaram", "reporting_city": "Rajahmundry" },
    { "name": "Draksharamam", "slug": "draksharamam", "reporting_city": "Kakinada" },
    { "name": "Duggirala", "slug": "duggirala", "reporting_city": "Guntur" },
    { "name": "Edlapadu", "slug": "edlapadu", "reporting_city": "Guntur" },
    { "name": "Elamanchili", "slug": "elamanchili", "reporting_city": "Visakhapatnam" },
    { "name": "Eluru", "slug": "eluru", "reporting_city": "Eluru" },
    { "name": "Gajapathinagaram", "slug": "gajapathinagaram", "reporting_city": "Vizianagaram" },
    { "name": "Gajuwaka", "slug": "gajuwaka", "reporting_city": "Visakhapatnam" },
    { "name": "Ganapavaram", "slug": "ganapavaram", "reporting_city": "Tadepalligudem" },
    { "name": "Gokavaram", "slug": "gokavaram", "reporting_city": "Rajahmundry" },
    { "name": "Gorantla", "slug": "gorantla", "reporting_city": "Anantapur" },
    { "name": "Gudivada", "slug": "gudivada", "reporting_city": "Vijayawada" },
    { "name": "Gudur", "slug": "gudur-nellore", "reporting_city": "Nellore" },
    { "name": "Gudur (Kurnool)", "slug": "gudur-kurnool", "reporting_city": "Kurnool" },
    { "name": "Guntakal", "slug": "guntakal", "reporting_city": "Anantapur" },
    { "name": "Guntur", "slug": "guntur", "reporting_city": "Guntur" },
    { "name": "Gurazala", "slug": "gurazala", "reporting_city": "Guntur" },
    { "name": "Hanuman Junction", "slug": "hanuman-junction", "reporting_city": "Vijayawada" },
    { "name": "Hindupuram", "slug": "hindupuram", "reporting_city": "Anantapur" },
    { "name": "Hiramandalam", "slug": "hiramandalam", "reporting_city": "Srikakulam" },
    { "name": "Ichchapuram", "slug": "ichchapuram", "reporting_city": "Srikakulam" },
    { "name": "Indukurpet", "slug": "indukurpet", "reporting_city": "Nellore" },
    { "name": "Jaggampeta", "slug": "jaggampeta", "reporting_city": "Kakinada" },
    { "name": "Jaggayyapeta", "slug": "jaggayyapeta", "reporting_city": "Vijayawada" },
    { "name": "Jami", "slug": "jami", "reporting_city": "Vizianagaram" },
    { "name": "Jammalamadugu", "slug": "jammalamadugu", "reporting_city": "Kadapa" },
    { "name": "Jangareddygudem", "slug": "jangareddygudem", "reporting_city": "Eluru" },
    { "name": "Kadapa", "slug": "kadapa", "reporting_city": "Kadapa" },
    { "name": "Kadiri", "slug": "kadiri", "reporting_city": "Anantapur" },
    { "name": "Kaikaluru", "slug": "kaikaluru", "reporting_city": "Bhimavaram" },
    { "name": "Kakinada", "slug": "kakinada", "reporting_city": "Kakinada" },
    { "name": "Kanchikacherla", "slug": "kanchikacherla", "reporting_city": "Vijayawada" },
    { "name": "Kandukur", "slug": "kandukur", "reporting_city": "Ongole" },
    { "name": "Kanigiri", "slug": "kanigiri", "reporting_city": "Ongole" },
    { "name": "Kanipakam", "slug": "kanipakam", "reporting_city": "Chittoor" },
    { "name": "Kankipadu", "slug": "kankipadu", "reporting_city": "Vijayawada" },
    { "name": "Karempudi", "slug": "karempudi", "reporting_city": "Guntur" },
    { "name": "Kasibugga", "slug": "kasibugga", "reporting_city": "Srikakulam" },
    { "name": "Kathipudi", "slug": "kathipudi", "reporting_city": "Kakinada" },
    { "name": "Katrenikona", "slug": "katrenikona", "reporting_city": "Amalapuram" },
    { "name": "Kavali", "slug": "kavali", "reporting_city": "Nellore" },
    { "name": "Kodumur", "slug": "kodumur", "reporting_city": "Kurnool" },
    { "name": "Koilkuntla", "slug": "koilkuntla", "reporting_city": "Nandyal" },
    { "name": "Konithiwada", "slug": "konithiwada", "reporting_city": "Bhimavaram" },
    { "name": "Kota Nellore", "slug": "kota-nellore", "reporting_city": "Nellore" },
    { "name": "Kotabommali", "slug": "kotabommali", "reporting_city": "Srikakulam" },
    { "name": "Kothacheruvu", "slug": "kothacheruvu", "reporting_city": "Anantapur" },
    { "name": "Kothapeta", "slug": "kothapeta", "reporting_city": "Rajahmundry" },
    { "name": "Kovvur", "slug": "kovvur", "reporting_city": "Rajahmundry" },
    { "name": "Krosuru", "slug": "krosuru", "reporting_city": "Guntur" },
    { "name": "Kuppam", "slug": "kuppam", "reporting_city": "Chittoor" },
    { "name": "Kurmannapalem", "slug": "kurmannapalem", "reporting_city": "Visakhapatnam" },
    { "name": "Kurnool", "slug": "kurnool", "reporting_city": "Kurnool" },
    { "name": "Lakkavaram", "slug": "lakkavaram", "reporting_city": "Amalapuram" },
    { "name": "Macherla", "slug": "macherla", "reporting_city": "Guntur" },
    { "name": "Machilipatnam", "slug": "machilipatnam", "reporting_city": "Vijayawada" },
    { "name": "Madanapalle", "slug": "madanapalle", "reporting_city": "Madanapalle" },
    { "name": "Madhavaram", "slug": "madhavaram", "reporting_city": "Nellore" },
    { "name": "Madugula", "slug": "madugula", "reporting_city": "Visakhapatnam" },
    { "name": "Malikipuram", "slug": "malikipuram", "reporting_city": "Amalapuram" },
    { "name": "Malkipuram", "slug": "malkipuram", "reporting_city": "Amalapuram" },
    { "name": "Mandapeta", "slug": "mandapeta", "reporting_city": "Rajahmundry" },
    { "name": "Markapuram", "slug": "markapuram", "reporting_city": "Markapuram" },
    { "name": "Martur", "slug": "martur", "reporting_city": "Ongole" },
    { "name": "Medarametla", "slug": "medarametla", "reporting_city": "Ongole" },
    { "name": "Mogalthur", "slug": "mogalthur", "reporting_city": "Bhimavaram" },
    { "name": "Mummidivaram", "slug": "mummidivaram", "reporting_city": "Amalapuram" },
    { "name": "Mylavaram", "slug": "mylavaram", "reporting_city": "Vijayawada" },
    { "name": "Nagaram", "slug": "nagaram", "reporting_city": "Guntur" },
    { "name": "Nagari", "slug": "nagari", "reporting_city": "Tirupati" },
    { "name": "Naidupeta", "slug": "naidupeta", "reporting_city": "Nellore" },
    { "name": "Nallajerla", "slug": "nallajerla", "reporting_city": "Tanuku" },
    { "name": "Nallamada", "slug": "nallamada", "reporting_city": "Anantapur" },
    { "name": "Nandigama", "slug": "nandigama", "reporting_city": "Vijayawada" },
    { "name": "Nandyal", "slug": "nandyal", "reporting_city": "Nandyal" },
    { "name": "Narasannapeta", "slug": "narasannapeta", "reporting_city": "Srikakulam" },
    { "name": "Narasaraopet", "slug": "narasaraopet", "reporting_city": "Guntur" },
    { "name": "Narsapur", "slug": "narsapur", "reporting_city": "Bhimavaram" },
    { "name": "Narsipatnam", "slug": "narsipatnam", "reporting_city": "Visakhapatnam" },
    { "name": "Neelapalle", "slug": "neelapalle", "reporting_city": "Kakinada" },
    { "name": "Nellimarla", "slug": "nellimarla", "reporting_city": "Vizianagaram" },
    { "name": "Nellore", "slug": "nellore", "reporting_city": "Nellore" },
    { "name": "Nidadavolu", "slug": "nidadavolu", "reporting_city": "Tanuku" },
    { "name": "Nindra", "slug": "nindra", "reporting_city": "Tirupati" },
    { "name": "Nuziveedu", "slug": "nuziveedu", "reporting_city": "Vijayawada" },
    { "name": "Ongole", "slug": "ongole", "reporting_city": "Ongole" },
    { "name": "P Dharmavaram", "slug": "p-dharmavaram", "reporting_city": "Vizianagaram" },
    { "name": "Palakol", "slug": "palakol", "reporting_city": "Bhimavaram" },
    { "name": "Palakollu", "slug": "palakollu", "reporting_city": "Bhimavaram" },
    { "name": "Palakonda", "slug": "palakonda", "reporting_city": "Srikakulam" },
    { "name": "Palamaner", "slug": "palamaner", "reporting_city": "Chittoor" },
    { "name": "Palasa", "slug": "palasa-kasibugga", "reporting_city": "Srikakulam" },
    { "name": "Pamarru", "slug": "pamarru", "reporting_city": "Vijayawada" },
    { "name": "Pamidi", "slug": "pamidi", "reporting_city": "Anantapur" },
    { "name": "Pamur", "slug": "pamur", "reporting_city": "Ongole" },
    { "name": "Parawada", "slug": "parawada", "reporting_city": "Visakhapatnam" },
    { "name": "Parvathipuram", "slug": "parvathipuram", "reporting_city": "Vizianagaram" },
    { "name": "Pathapatnam", "slug": "pathapatnam", "reporting_city": "Srikakulam" },
    { "name": "Payakaraopeta", "slug": "payakaraopeta", "reporting_city": "Visakhapatnam" },
    { "name": "Pedakurapadu", "slug": "pedakurapadu", "reporting_city": "Guntur" },
    { "name": "Pedana", "slug": "pedana", "reporting_city": "Vijayawada" },
    { "name": "Pedanandipadu", "slug": "pedanandipadu", "reporting_city": "Guntur" },
    { "name": "Peddapuram", "slug": "peddapuram", "reporting_city": "Kakinada" },
    { "name": "Pendurthi", "slug": "pendurthi", "reporting_city": "Visakhapatnam" },
    { "name": "Penuganchiprolu", "slug": "penuganchiprolu", "reporting_city": "Vijayawada" },
    { "name": "Penugonda", "slug": "penugonda", "reporting_city": "Tanuku" },
    { "name": "Penumuru", "slug": "penumuru", "reporting_city": "Chittoor" },
    { "name": "Piduguralla", "slug": "piduguralla", "reporting_city": "Guntur" },
    { "name": "Pileru", "slug": "pileru", "reporting_city": "Tirupati" },
    { "name": "Pithapuram", "slug": "pithapuram", "reporting_city": "Kakinada" },
    { "name": "Podili", "slug": "podili", "reporting_city": "Ongole" },
    { "name": "Ponduru", "slug": "ponduru", "reporting_city": "Srikakulam" },
    { "name": "Ponnur", "slug": "ponnur", "reporting_city": "Guntur" },
    { "name": "Proddatur", "slug": "proddatur", "reporting_city": "Kadapa" },
    { "name": "Pulivendula", "slug": "pulivendula", "reporting_city": "Kadapa" },
    { "name": "Punganur", "slug": "punganur", "reporting_city": "Chittoor" },
    { "name": "PutturAP", "slug": "putturap", "reporting_city": "Tirupati" },
    { "name": "Railway Koduru", "slug": "railway-koduru", "reporting_city": "Kadapa" },
    { "name": "Rajahmundry", "slug": "rajahmundry", "reporting_city": "Rajahmundry" },
    { "name": "Rajam", "slug": "rajam", "reporting_city": "Vizianagaram" },
    { "name": "Rajampet", "slug": "rajampet", "reporting_city": "Kadapa" },
    { "name": "Rajavommangi", "slug": "rajavommangi", "reporting_city": "Kakinada" },
    { "name": "Ramabhadrapuram", "slug": "ramabhadrapuram", "reporting_city": "Vizianagaram" },
    { "name": "Ramachandrapuram", "slug": "ramachandrapuram", "reporting_city": "Kakinada" },
    { "name": "Ranastalam", "slug": "ranastalam", "reporting_city": "Srikakulam" },
    { "name": "Rapur", "slug": "rapur", "reporting_city": "Nellore" },
    { "name": "Ravulapalem", "slug": "ravulapalem", "reporting_city": "Rajahmundry" },
    { "name": "Rayachoti", "slug": "rayachoti", "reporting_city": "Kadapa" },
    { "name": "Razole", "slug": "razole", "reporting_city": "Amalapuram" },
    { "name": "Repalle", "slug": "repalle", "reporting_city": "Guntur" },
    { "name": "Routhulapudi", "slug": "routhulapudi", "reporting_city": "Kakinada" },
    { "name": "Salur", "slug": "salur", "reporting_city": "Vizianagaram" },
    { "name": "Saluru", "slug": "saluru", "reporting_city": "Vizianagaram" },
    { "name": "Samalkota", "slug": "samalkota", "reporting_city": "Kakinada" },
    { "name": "Sattenapalle", "slug": "sattenapalle", "reporting_city": "Guntur" },
    { "name": "Satyavedu", "slug": "satyavedu", "reporting_city": "Tirupati" },
    { "name": "Singarayakonda", "slug": "singarayakonda", "reporting_city": "Ongole" },
    { "name": "Somandepalle", "slug": "somandepalle", "reporting_city": "Anantapur" },
    { "name": "Srikakulam", "slug": "srikakulam", "reporting_city": "Srikakulam" },
    { "name": "Srikalahasti", "slug": "srikalahasti", "reporting_city": "Tirupati" },
    { "name": "Sullurpeta", "slug": "sullurpeta", "reporting_city": "Nellore" },
    { "name": "Tadepalligudem", "slug": "tadepalligudem", "reporting_city": "Tadepalligudem" },
    { "name": "Tadikalapudi", "slug": "tadikalapudi", "reporting_city": "Eluru" },
    { "name": "Tadipatri", "slug": "tadipatri", "reporting_city": "Anantapur" },
    { "name": "Tallapudi", "slug": "tallapudi", "reporting_city": "Rajahmundry" },
    { "name": "Tanguturu", "slug": "tanguturu", "reporting_city": "Ongole" },
    { "name": "Tanuku", "slug": "tanuku", "reporting_city": "Tanuku" },
    { "name": "Tatipaka", "slug": "tatipaka", "reporting_city": "Amalapuram" },
    { "name": "Tekkali", "slug": "tekkali", "reporting_city": "Srikakulam" },
    { "name": "Tenali", "slug": "tenali", "reporting_city": "Guntur" },
    { "name": "Thavanampalle", "slug": "thavanampalle", "reporting_city": "Chittoor" },
    { "name": "Tirupati", "slug": "tirupati", "reporting_city": "Tirupati" },
    { "name": "Tiruvuru", "slug": "tiruvuru", "reporting_city": "Vijayawada" },
    { "name": "Tuni", "slug": "tuni", "reporting_city": "Kakinada" },
    { "name": "Undavalli", "slug": "undavalli", "reporting_city": "Vijayawada" },
    { "name": "Uppada", "slug": "uppada", "reporting_city": "Kakinada" },
    { "name": "Velangi", "slug": "velangi", "reporting_city": "Kakinada" },
    { "name": "Venkatagiri", "slug": "venkatagiri", "reporting_city": "Nellore" },
    { "name": "Vijayawada", "slug": "vijayawada", "reporting_city": "Vijayawada" },
    { "name": "Vinjamur", "slug": "vinjamur", "reporting_city": "Nellore" },
    { "name": "Vinukonda", "slug": "vinukonda", "reporting_city": "Guntur" },
    { "name": "Visakhapatnam", "slug": "vizag", "reporting_city": "Visakhapatnam" },
    { "name": "Vissannapeta", "slug": "vissannapeta", "reporting_city": "Vijayawada" },
    { "name": "Vizianagaram", "slug": "vizianagaram", "reporting_city": "Vizianagaram" },
    { "name": "Vuyyuru", "slug": "vuyyuru", "reporting_city": "Vijayawada" },
    { "name": "Yelamanchili", "slug": "yelamanchili", "reporting_city": "Visakhapatnam" },
    { "name": "Yeleswaram", "slug": "yeleswaram", "reporting_city": "Kakinada" },
    { "name": "Yemmiganur", "slug": "yemmiganur", "reporting_city": "Kurnool" },
    { "name": "Yerraguntla", "slug": "yerraguntla", "reporting_city": "Kadapa" }
  ],
  "Telangana": [
    { "name": "Achampet", "slug": "achampet", "reporting_city": "Mahbubnagar" },
    { "name": "Adilabad", "slug": "adilabad", "reporting_city": "Adilabad" },
    { "name": "Amangal", "slug": "amangal", "reporting_city": "Mahbubnagar" },
    { "name": "Armoor", "slug": "armoor", "reporting_city": "Nizamabad" },
    { "name": "Balanagar", "slug": "Balanagar", "reporting_city": "Hyderabad" },
    { "name": "Banswada", "slug": "banswada", "reporting_city": "Nizamabad" },
    { "name": "Bellampally", "slug": "bellampally", "reporting_city": "Mancherial" },
    { "name": "Bhadrachalam", "slug": "bhadrachalam", "reporting_city": "Kothagudem" },
    { "name": "Bhainsa", "slug": "bhainsa", "reporting_city": "Nirmal" },
    { "name": "Bheemgal", "slug": "bheemgal", "reporting_city": "Nizamabad" },
    { "name": "Bhongir", "slug": "bhongir", "reporting_city": "Hyderabad" },
    { "name": "Bhupalapalli", "slug": "bhupalapalli", "reporting_city": "Warangal" },
    { "name": "Bhuvanagiri", "slug": "bhuvanagiri", "reporting_city": "Hyderabad" },
    { "name": "Bibinagar", "slug": "bibinagar", "reporting_city": "Hyderabad" },
    { "name": "Bodhan", "slug": "bodhan", "reporting_city": "Nizamabad" },
    { "name": "Bonakal", "slug": "bonakal", "reporting_city": "Khammam" },
    { "name": "Chennur", "slug": "chennur", "reporting_city": "Mancherial" },
    { "name": "Chevella", "slug": "chevella", "reporting_city": "Hyderabad" },
    { "name": "Chinnur", "slug": "chinnur", "reporting_city": "Mancherial" },
    { "name": "Chityal", "slug": "chityal", "reporting_city": "Nalgonda" },
    { "name": "Choutuppal", "slug": "choutuppal", "reporting_city": "Hyderabad" },
    { "name": "Devarakonda", "slug": "devarakonda", "reporting_city": "Nalgonda" },
    { "name": "Dharpally", "slug": "dharpally", "reporting_city": "Nizamabad" },
    { "name": "Dornakal", "slug": "dornakal", "reporting_city": "Warangal" },
    { "name": "Dubbak", "slug": "dubbak", "reporting_city": "Siddipet" },
    { "name": "Gadwal", "slug": "gadwal", "reporting_city": "Mahbubnagar" },
    { "name": "Gajwel", "slug": "gajwel", "reporting_city": "Hyderabad" },
    { "name": "Godavarikhani", "slug": "godavarikhani", "reporting_city": "Karimnagar" },
    { "name": "Haliya", "slug": "haliya", "reporting_city": "Nalgonda" },
    { "name": "Husnabad", "slug": "husnabad", "reporting_city": "Siddipet" },
    { "name": "Huzurabad", "slug": "huzurabad", "reporting_city": "Karimnagar" },
    { "name": "Huzurnagar", "slug": "huzurnagar", "reporting_city": "Nalgonda" },
    { "name": "Hyderabad", "slug": "hyderabad", "reporting_city": "Hyderabad" },
    { "name": "Ieeja", "slug": "ieeja", "reporting_city": "Mahbubnagar" },
    { "name": "Jadcherla", "slug": "jadcherla", "reporting_city": "Mahbubnagar" },
    { "name": "Jagtial", "slug": "jagtial", "reporting_city": "Karimnagar" },
    { "name": "Jammikunta", "slug": "jammikunta", "reporting_city": "Karimnagar" },
    { "name": "Jangaon", "slug": "jangaon", "reporting_city": "Warangal" },
    { "name": "Jannaram", "slug": "jannaram", "reporting_city": "Mancherial" },
    { "name": "Kadthal", "slug": "kadthal", "reporting_city": "Hyderabad" },
    { "name": "Kallur", "slug": "kallur", "reporting_city": "Khammam" },
    { "name": "Kalwakurthy", "slug": "kalwakurthy", "reporting_city": "Mahbubnagar" },
    { "name": "Kamanpur", "slug": "kamanpur", "reporting_city": "Karimnagar" },
    { "name": "Kamareddy", "slug": "kamareddy", "reporting_city": "Nizamabad" },
    { "name": "Karimnagar", "slug": "karimnagar", "reporting_city": "Karimnagar" },
    { "name": "Kesamudram", "slug": "kesamudram", "reporting_city": "Warangal" },
    { "name": "Khammam", "slug": "khammam", "reporting_city": "Khammam" },
    { "name": "Kodad", "slug": "kodad", "reporting_city": "Nalgonda" },
    { "name": "Koheda", "slug": "koheda", "reporting_city": "Siddipet" },
    { "name": "Kollapur", "slug": "kollapur", "reporting_city": "Mahbubnagar" },
    { "name": "Koratla", "slug": "koratla", "reporting_city": "Karimnagar" },
    { "name": "Kothagudem", "slug": "kothagudem", "reporting_city": "Kothagudem" },
    { "name": "Luxettipet", "slug": "luxettipet", "reporting_city": "Mancherial" },
    { "name": "Madhira", "slug": "madhira", "reporting_city": "Khammam" },
    { "name": "Mahabubabad", "slug": "mahabubabad", "reporting_city": "Warangal" },
    { "name": "Mahbubnagar", "slug": "mahbubnagar", "reporting_city": "Mahbubnagar" },
    { "name": "Mancherial", "slug": "mancherial", "reporting_city": "Mancherial" },
    { "name": "Manuguru", "slug": "manuguru", "reporting_city": "Kothagudem" },
    { "name": "Maripeda", "slug": "maripeda", "reporting_city": "Warangal" },
    { "name": "Marpalli", "slug": "marpally", "reporting_city": "Hyderabad" },
    { "name": "Medak", "slug": null, "reporting_city": "Hyderabad" },
    { "name": "Metpally", "slug": "metpally", "reporting_city": "Karimnagar" },
    { "name": "Miryalaguda", "slug": "miryalaguda", "reporting_city": "Nalgonda" },
    { "name": "Mulug", "slug": "mulug", "reporting_city": "Warangal" },
    { "name": "Nagarkurnool", "slug": "nagarkurnool", "reporting_city": "Mahbubnagar" },
    { "name": "Nagireddypet", "slug": "nagireddypet", "reporting_city": "Nizamabad" },
    { "name": "Nakrekal", "slug": "nakrekal", "reporting_city": "Nalgonda" },
    { "name": "Nalgonda", "slug": "nalgonda", "reporting_city": "Nalgonda" },
    { "name": "Narayankhed", "slug": "narayankhed", "reporting_city": "Sangareddy" },
    { "name": "Narayanpet", "slug": "narayanpet", "reporting_city": "Mahbubnagar" },
    { "name": "Narsampet", "slug": "narsampet", "reporting_city": "Warangal" },
    { "name": "Nekkonda", "slug": "nekkonda", "reporting_city": "Warangal" },
    { "name": "Nelakondapally", "slug": "nelakondapally", "reporting_city": "Khammam" },
    { "name": "Nirmal", "slug": "nirmal", "reporting_city": "Nirmal" },
    { "name": "Nizamabad", "slug": "nizamabad", "reporting_city": "Nizamabad" },
    { "name": "Palvancha", "slug": "palvancha", "reporting_city": "Kothagudem" },
    { "name": "Parigi", "slug": "parigi", "reporting_city": "Hyderabad" },
    { "name": "Parkal", "slug": "parkal", "reporting_city": "Warangal" },
    { "name": "Peddapalli", "slug": "peddapalli", "reporting_city": "Karimnagar" },
    { "name": "Pitlam", "slug": "pitlam", "reporting_city": "Nizamabad" },
    { "name": "Raikal", "slug": "raikal", "reporting_city": "Karimnagar" },
    { "name": "Ramayampet", "slug": "ramayampet", "reporting_city": "Hyderabad" },
    { "name": "Sadasivpet", "slug": "sadasivpet", "reporting_city": "Hyderabad" },
    { "name": "Sadivapeta", "slug": "sadasivpet", "reporting_city": "Hyderabad" },
    { "name": "Sangareddi", "slug": "sangareddi", "reporting_city": "Hyderabad" },
    { "name": "Sathupalli", "slug": "sathupalli", "reporting_city": "Khammam" },
    { "name": "Sathupally", "slug": "sathupally", "reporting_city": "Khammam" },
    { "name": "Secunderabad", "slug": "secunderabad", "reporting_city": "Hyderabad" },
    { "name": "Shadnagar", "slug": "shadnagar", "reporting_city": "Hyderabad" },
    { "name": "Siddipet", "slug": "siddipet", "reporting_city": "Siddipet" },
    { "name": "Sircilla", "slug": "sircilla", "reporting_city": "Karimnagar" },
    { "name": "Sirpur Kagaznagar", "slug": "sirpur-kagaznagar", "reporting_city": "Adilabad" },
    { "name": "Suryapet", "slug": "suryapet", "reporting_city": "Nalgonda" },
    { "name": "Tandur", "slug": "tandur", "reporting_city": "Hyderabad" },
    { "name": "Thorrur", "slug": "thorrur", "reporting_city": "Warangal" },
    { "name": "Tirumalgiri", "slug": "tirumalgiri", "reporting_city": "Nalgonda" },
    { "name": "Toopran", "slug": "toopran", "reporting_city": "Hyderabad" },
    { "name": "Valigonda", "slug": "valigonda", "reporting_city": "Hyderabad" },
    { "name": "Vardhanapeta", "slug": "vardhanapeta", "reporting_city": "Warangal" },
    { "name": "Vemulawada", "slug": "vemulawada", "reporting_city": "Karimnagar" },
    { "name": "Venkatapuram", "slug": "venkatapuram", "reporting_city": "Kothagudem" },
    { "name": "Wanaparthy", "slug": "wanaparthy", "reporting_city": "Mahbubnagar" },
    { "name": "Warangal", "slug": "warangal", "reporting_city": "Warangal" },
    { "name": "Wyra", "slug": "wyra", "reporting_city": "Khammam" },
    { "name": "Yadagirigutta", "slug": "yadagirigutta", "reporting_city": "Hyderabad" },
    { "name": "Yellandu", "slug": "yellandu", "reporting_city": "Kothagudem" },
    { "name": "Zaheerabad", "slug": "zaheerabad", "reporting_city": "Hyderabad" }
  ],
  "Karnataka": [
    { "name": "Ankola", "slug": "ankola", "reporting_city": "Karwar" },
    { "name": "Bagalkot", "slug": "bagalkot", "reporting_city": "Bagalkot" },
    { "name": "Bagepalli", "slug": "bagepalli", "reporting_city": "Chikkaballapura" },
    { "name": "Bangalore", "slug": "bengaluru", "reporting_city": "Bengaluru" },
    { "name": "Bangarapet", "slug": "bangarapet", "reporting_city": "Kolar" },
    { "name": "Belagavi", "slug": "belagavi", "reporting_city": "Belagavi" },
    { "name": "Bellary", "slug": "bellary", "reporting_city": "Ballari" },
    { "name": "Belur", "slug": "belur", "reporting_city": "Hassan" },
    { "name": "Bengaluru", "slug": "bengaluru", "reporting_city": "Bengaluru" },
    { "name": "Bhadravati", "slug": "bhadravati", "reporting_city": "Shivamogga" },
    { "name": "Bidar", "slug": "bidar", "reporting_city": "Bidar" },
    { "name": "Bijapur", "slug": "bijapur", "reporting_city": "Vijayapura" },
    { "name": "Bilgi", "slug": "bilgi", "reporting_city": "Bagalkot" },
    { "name": "Byadgi", "slug": "byadgi", "reporting_city": "Haveri" },
    { "name": "Challakere", "slug": "challakere", "reporting_city": "Chitradurga" },
    { "name": "Chamarajanagara", "slug": "chamarajanagara", "reporting_city": "Chamarajanagara" },
    { "name": "Channagiri", "slug": "channagiri", "reporting_city": "Davanagere" },
    { "name": "Channarayapatna", "slug": "channarayapatna", "reporting_city": "Hassan" },
    { "name": "Chikballapur", "slug": "chikballapura", "reporting_city": "Chikkaballapura" },
    { "name": "Chikkaballapura", "slug": "chikkaballapura", "reporting_city": "Chikkaballapura" },
    { "name": "Chintamani", "slug": "chintamani", "reporting_city": "Chikkaballapura" },
    { "name": "Chitradurga", "slug": "chitradurga", "reporting_city": "Chitradurga" },
    { "name": "Dandeli", "slug": "dandeli", "reporting_city": "Karwar" },
    { "name": "Davanagere", "slug": "davanagere", "reporting_city": "Davanagere" },
    { "name": "Devadurga", "slug": "devadurga", "reporting_city": "Raichur" },
    { "name": "Dharwad", "slug": "dharwad", "reporting_city": "Hubli-Dharwad" },
    { "name": "Gadag-Betigeri", "slug": "gadag", "reporting_city": "Gadag" },
    { "name": "Gajendragarh", "slug": "gajendragarh", "reporting_city": "Gadag" },
    { "name": "Gangavathi", "slug": "gangavathi", "reporting_city": "Koppal" },
    { "name": "Gauribidanur", "slug": "gauribidanur", "reporting_city": "Chikkaballapura" },
    { "name": "Gokak", "slug": "gokak", "reporting_city": "Belagavi" },
    { "name": "Gundlupet", "slug": "gundlupet", "reporting_city": "Chamarajanagara" },
    { "name": "Hagaribommanahalli", "slug": "hagaribommanahalli", "reporting_city": "Ballari" },
    { "name": "Harihar", "slug": "harihara", "reporting_city": "Davanagere" },
    { "name": "Haveri", "slug": "haveri", "reporting_city": "Haveri" },
    { "name": "Hirekerur", "slug": "hirekerur", "reporting_city": "Haveri" },
    { "name": "Honnali", "slug": "honnali", "reporting_city": "Davanagere" },
    { "name": "Hubli-Dharwad", "slug": "hubli", "reporting_city": "Hubli-Dharwad" },
    { "name": "Kalaburagi", "slug": "kalaburagi", "reporting_city": "Kalaburagi" },
    { "name": "Karkala", "slug": "karkala", "reporting_city": "Udupi" },
    { "name": "Karwar", "slug": "karwar", "reporting_city": "Karwar" },
    { "name": "Khanapur", "slug": "khanapur", "reporting_city": "Belagavi" },
    { "name": "Kolar", "slug": "kolar", "reporting_city": "Kolar" },
    { "name": "Kolargoldfields", "slug": "kolargoldfields", "reporting_city": "Kolar" },
    { "name": "Kondlahalli", "slug": "kondlahalli", "reporting_city": "Chitradurga" },
    { "name": "Koratagere", "slug": "koratagere", "reporting_city": "Tumakuru" },
    { "name": "Krishnarajanagara", "slug": "krishnarajanagara", "reporting_city": "Mysuru" },
    { "name": "Krishnarajpet", "slug": "krishnarajpet", "reporting_city": "Mandya" },
    { "name": "Kushalnagar", "slug": "kushalnagar", "reporting_city": "Madikeri" },
    { "name": "Lingasugur", "slug": "lingasugur", "reporting_city": "Raichur" },
    { "name": "Madhugiri", "slug": "madhugiri", "reporting_city": "Tumakuru" },
    { "name": "Magadi", "slug": "magadi", "reporting_city": "Ramanagara" },
    { "name": "Mahalingpur", "slug": "mahalingpur", "reporting_city": "Bagalkot" },
    { "name": "Malur", "slug": "malur", "reporting_city": "Kolar" },
    { "name": "Mandya", "slug": "mandya", "reporting_city": "Mandya" },
    { "name": "Mangaluru", "slug": "mangalore", "reporting_city": "Mangaluru" },
    { "name": "Manipal", "slug": "manipal", "reporting_city": "Udupi" },
    { "name": "Manvi", "slug": "manvi", "reporting_city": "Raichur" },
    { "name": "Mudalgi", "slug": "mudalgi", "reporting_city": "Belagavi" },
    { "name": "Muddebihal", "slug": "muddebihal", "reporting_city": "Vijayapura" },
    { "name": "Mudhol", "slug": "mudhol", "reporting_city": "Bagalkot" },
    { "name": "Mundargi", "slug": "mundargi", "reporting_city": "Gadag" },
    { "name": "Mysuru", "slug": "mysuru", "reporting_city": "Mysuru" },
    { "name": "Nanjangud", "slug": "nanjangud", "reporting_city": "Mysuru" },
    { "name": "Nargund", "slug": "nargund", "reporting_city": "Gadag" },
    { "name": "Pandavapura", "slug": "pandavapura", "reporting_city": "Mandya" },
    { "name": "Pavagada", "slug": "pavagada", "reporting_city": "Tumakuru" },
    { "name": "Puttur", "slug": "puttur", "reporting_city": "Mangaluru" },
    { "name": "Rabkavi", "slug": "rabkavi", "reporting_city": "Bagalkot" },
    { "name": "Raichur", "slug": "raichur", "reporting_city": "Raichur" },
    { "name": "Ranebennur", "slug": "ranebennur", "reporting_city": "Haveri" },
    { "name": "Ron", "slug": "ron", "reporting_city": "Gadag" },
    { "name": "Saligram", "slug": "saligram", "reporting_city": "Mysuru" },
    { "name": "Sankeshwar", "slug": "sankeshwar", "reporting_city": "Belagavi" },
    { "name": "Shahpur", "slug": "shahpur", "reporting_city": "Yadgir" },
    { "name": "Shivamogga", "slug": "shivamogga", "reporting_city": "Shivamogga" },
    { "name": "Sidlaghatta", "slug": "sidlaghatta", "reporting_city": "Chikkaballapura" },
    { "name": "Sindagi", "slug": "sindagi", "reporting_city": "Vijayapura" },
    { "name": "Sindhanur", "slug": "sindhanur", "reporting_city": "Raichur" },
    { "name": "Sira", "slug": "sira", "reporting_city": "Tumakuru" },
    { "name": "Sirsi", "slug": "sirsi", "reporting_city": "Karwar" },
    { "name": "Talikoti", "slug": "talikoti", "reporting_city": "Vijayapura" },
    { "name": "Tiptur", "slug": "tiptur", "reporting_city": "Tumakuru" },
    { "name": "Tumakuru", "slug": "tumakuru", "reporting_city": "Tumakuru" },
    { "name": "Tumkur", "slug": "tumkur", "reporting_city": "Tumakuru" },
    { "name": "Udupi", "slug": "udupi", "reporting_city": "Udupi" },
    { "name": "Vijayapura", "slug": "vijayapura", "reporting_city": "Vijayapura" }
  ],
  "Tamil Nadu": [
    { "name": "Acharapakkam", "slug": "acharapakkam", "reporting_city": "Chennai" },
    { "name": "Alangayam", "slug": "alangayam", "reporting_city": "Vellore" },
    { "name": "Alangudi", "slug": "alangudi", "reporting_city": "Pudukkottai" },
    { "name": "Ambasamudram", "slug": "ambasamudram", "reporting_city": "Tirunelveli" },
    { "name": "Ambur", "slug": "ambur", "reporting_city": "Vellore" },
    { "name": "Ammaiyarkuppam", "slug": "ammaiyarkuppam", "reporting_city": "Tiruvallur" },
    { "name": "Andimadam", "slug": "andimadam", "reporting_city": "Ariyalur" },
    { "name": "Annur", "slug": "annur", "reporting_city": "Coimbatore" },
    { "name": "Anthiyur", "slug": "anthiyur", "reporting_city": "Erode" },
    { "name": "Arakkonam", "slug": "arakkonam", "reporting_city": "Vellore" },
    { "name": "Aranthangi", "slug": "aranthangi", "reporting_city": "Pudukkottai" },
    { "name": "Arcot", "slug": "arcot", "reporting_city": "Vellore" },
    { "name": "Ariyalur", "slug": "ariyalur", "reporting_city": "Ariyalur" },
    { "name": "Arni", "slug": "arni", "reporting_city": "Tiruvannamalai" },
    { "name": "Arumbavur", "slug": "arumbavur", "reporting_city": "Perambalur" },
    { "name": "Aruppukkottai", "slug": "aruppukkottai", "reporting_city": "Madurai" },
    { "name": "Attur", "slug": "attur", "reporting_city": "Salem" },
    { "name": "Authoor", "slug": "authoor", "reporting_city": "Thoothukudi" },
    { "name": "Avinashi", "slug": "avinashi", "reporting_city": "Tirupur" },
    { "name": "Batlagundu", "slug": "batlagundu", "reporting_city": "Dindigul" },
    { "name": "Bodinayakanur", "slug": "bodi", "reporting_city": "Theni" },
    { "name": "Bommidi", "slug": "bommidi", "reporting_city": "Dharmapuri" },
    { "name": "Chennai", "slug": "chennai", "reporting_city": "Chennai" },
    { "name": "Cheyyar", "slug": "cheyyar", "reporting_city": "Tiruvannamalai" },
    { "name": "Chidambaram", "slug": "chidambaram", "reporting_city": "Cuddalore" },
    { "name": "Chinnamanur", "slug": "chinnamanur", "reporting_city": "Theni" },
    { "name": "Chinnasalem", "slug": "chinnasalem", "reporting_city": "Salem" },
    { "name": "Coimbatore", "slug": "coimbatore", "reporting_city": "Coimbatore" },
    { "name": "Cuddalore", "slug": "cuddalore", "reporting_city": "Cuddalore" },
    { "name": "Devakottai", "slug": "devakottai", "reporting_city": "Sivagangai" },
    { "name": "Dharapuram", "slug": "dharapuram", "reporting_city": "Tirupur" },
    { "name": "Dharmapuri", "slug": "dharmapuri", "reporting_city": "Dharmapuri" },
    { "name": "Dindigul", "slug": "dindigul", "reporting_city": "Dindigul" },
    { "name": "Edappadi", "slug": "edappadi", "reporting_city": "Salem" },
    { "name": "Eral", "slug": "eral", "reporting_city": "Thoothukudi" },
    { "name": "Eriyur", "slug": "eriyur", "reporting_city": "Dharmapuri" },
    { "name": "Erode", "slug": "erode", "reporting_city": "Erode" },
    { "name": "Gingee", "slug": "gingee", "reporting_city": "Villupuram" },
    { "name": "Gobichettipalayam", "slug": "gobichettipalayam", "reporting_city": "Erode" },
    { "name": "Gudiyatham", "slug": "gudiyatham", "reporting_city": "Vellore" },
    { "name": "Harur", "slug": "harur", "reporting_city": "Dharmapuri" },
    { "name": "Hosur", "slug": "hosur", "reporting_city": "Krishnagiri" },
    { "name": "Idappadi", "slug": "idappadi", "reporting_city": "Salem" },
    { "name": "Jalakandapuram", "slug": "jalakandapuram", "reporting_city": "Salem" },
    { "name": "Jayamkondan", "slug": "jayamkondan", "reporting_city": "Ariyalur" },
    { "name": "Kadayam", "slug": "kadayam", "reporting_city": "Tirunelveli" },
    { "name": "Kalakad", "slug": "kalakad", "reporting_city": "Tirunelveli" },
    { "name": "Kallakurichi", "slug": "kallakurichi", "reporting_city": "Kallakurichi" },
    { "name": "Kamanaickenpalayam", "slug": "kamanaickenpalayam", "reporting_city": "Tirupur" },
    { "name": "Kambainallur", "slug": "kambainallur", "reporting_city": "Dharmapuri" },
    { "name": "Kanchipuram", "slug": "kanchipuram", "reporting_city": "Kanchipuram" },
    { "name": "Kangeyam", "slug": "kangeyam", "reporting_city": "Tirupur" },
    { "name": "Karaikudi", "slug": "karaikudi", "reporting_city": "Sivagangai" },
    { "name": "Karambakkudi", "slug": "karambakkudi", "reporting_city": "Pudukkottai" },
    { "name": "Karanodai", "slug": "karanodai", "reporting_city": "Chennai" },
    { "name": "Karimangalam", "slug": "karimangalam", "reporting_city": "Dharmapuri" },
    { "name": "Karur", "slug": "karur", "reporting_city": "Karur" },
    { "name": "Katpadi", "slug": "katpadi", "reporting_city": "Vellore" },
    { "name": "Kaveripattinam", "slug": "kaveripattinam", "reporting_city": "Krishnagiri" },
    { "name": "Kavindapadi", "slug": "kavindapadi", "reporting_city": "Erode" },
    { "name": "Keeranur", "slug": "keeranur", "reporting_city": "Pudukkottai" },
    { "name": "Kinathukadavu", "slug": "kinathukadavu", "reporting_city": "Coimbatore" },
    { "name": "Kolappalur", "slug": "kolappalur", "reporting_city": "Erode" },
    { "name": "Kolathur", "slug": "kolathur", "reporting_city": "Salem" },
    { "name": "Kolumam", "slug": "kolumam", "reporting_city": "Tirupur" },
    { "name": "Komarapalayam", "slug": "komarapalayam", "reporting_city": "Namakkal" },
    { "name": "Kondur", "slug": "kondur", "reporting_city": "Cuddalore" },
    { "name": "Kothampakkam", "slug": "kothampakkam", "reporting_city": "Villupuram" },
    { "name": "Kovilpatti", "slug": "kovilpatti", "reporting_city": "Thoothukudi" },
    { "name": "Krishnagiri", "slug": "krishnagiri", "reporting_city": "Krishnagiri" },
    { "name": "Kulithalai", "slug": "kulithalai", "reporting_city": "Karur" },
    { "name": "Kulittalai", "slug": "kulittalai", "reporting_city": "Karur" },
    { "name": "Kumbakonam", "slug": "kumbakonam", "reporting_city": "Thanjavur" },
    { "name": "Kurinjipadi", "slug": "kurinjipadi", "reporting_city": "Cuddalore" },
    { "name": "Kuzhithurai", "slug": "kuzhithurai", "reporting_city": "Nagercoil" },
    { "name": "Lalgudi", "slug": "lalgudi", "reporting_city": "Trichy" },
    { "name": "Madaharpakkam", "slug": "madaharpakkam", "reporting_city": "Tiruvallur" },
    { "name": "Madurai", "slug": "madurai", "reporting_city": "Madurai" },
    { "name": "Maduranthakam", "slug": "maduranthakam", "reporting_city": "Chennai" },
    { "name": "Manapparai", "slug": "manapparai", "reporting_city": "Trichy" },
    { "name": "Mannargudi", "slug": "mannargudi", "reporting_city": "Thiruvarur" },
    { "name": "Mappedu", "slug": "mappedu", "reporting_city": "Tiruvallur" },
    { "name": "Marandahalli", "slug": "marandahalli", "reporting_city": "Dharmapuri" },
    { "name": "Marthandam", "slug": "marthandam", "reporting_city": "Nagercoil" },
    { "name": "Mayiladuthurai", "slug": "mayiladuthurai", "reporting_city": "Mayiladuthurai" },
    { "name": "Mettupalayam", "slug": "mettupalayam", "reporting_city": "Coimbatore" },
    { "name": "Mettur", "slug": "mettur", "reporting_city": "Salem" },
    { "name": "Musiri", "slug": "musiri", "reporting_city": "Trichy" },
    { "name": "Muthur", "slug": "muthur", "reporting_city": "Tirupur" },
    { "name": "Nagapattinam", "slug": "nagapattinam", "reporting_city": "Nagapattinam" },
    { "name": "Nagarasampatti", "slug": "nagarasampatti", "reporting_city": "Krishnagiri" },
    { "name": "Nagercoil", "slug": "nagercoil", "reporting_city": "Nagercoil" },
    { "name": "Namakkal", "slug": "namakkal", "reporting_city": "Namakkal" },
    { "name": "Nambiyur", "slug": "nambiyur", "reporting_city": "Erode" },
    { "name": "Neyveli", "slug": "neyveli-township", "reporting_city": "Cuddalore" },
    { "name": "Omalur", "slug": "omalur", "reporting_city": "Salem" },
    { "name": "Palacode", "slug": "palacode", "reporting_city": "Dharmapuri" },
    { "name": "Palani", "slug": "palani", "reporting_city": "Dindigul" },
    { "name": "Palladam", "slug": "palladam", "reporting_city": "Tirupur" },
    { "name": "Pallipalayam", "slug": "pallipalayam", "reporting_city": "Namakkal" },
    { "name": "Pallipattu", "slug": "pallipattu", "reporting_city": "Tiruvallur" },
    { "name": "Panachamoodu", "slug": "panachamoodu", "reporting_city": "Nagercoil" },
    { "name": "Panruti", "slug": "panruti", "reporting_city": "Cuddalore" },
    { "name": "Papanasam", "slug": "papanasam", "reporting_city": "Thanjavur" },
    { "name": "Paramathivelur", "slug": "paramathivelur", "reporting_city": "Namakkal" },
    { "name": "Pattukkottai", "slug": "pattukkottai", "reporting_city": "Thanjavur" },
    { "name": "Pennadam", "slug": "pennadam", "reporting_city": "Cuddalore" },
    { "name": "Pennagaram", "slug": "pennagaram", "reporting_city": "Dharmapuri" },
    { "name": "Peravurani", "slug": "peravurani", "reporting_city": "Thanjavur" },
    { "name": "Periyakulam", "slug": "periyakulam", "reporting_city": "Theni" },
    { "name": "Pernambut", "slug": "pernambut", "reporting_city": "Vellore" },
    { "name": "Perundalaiyur", "slug": "perundalaiyur", "reporting_city": "Erode" },
    { "name": "Perundurai", "slug": "perundurai", "reporting_city": "Erode" },
    { "name": "Pollachi", "slug": "pollachi", "reporting_city": "Coimbatore" },
    { "name": "Ponnamaravathi", "slug": "ponnamaravathi", "reporting_city": "Pudukkottai" },
    { "name": "Ponneri", "slug": "ponneri", "reporting_city": "Tiruvallur" },
    { "name": "Pudukkottai", "slug": "pudukkottai", "reporting_city": "Pudukkottai" },
    { "name": "Puliyankudi", "slug": "puliyankudi", "reporting_city": "Tenkasi" },
    { "name": "Punjai Puliampatti", "slug": "punjai-puliampatti", "reporting_city": "Erode" },
    { "name": "Rajapalayam", "slug": "rajapalayam", "reporting_city": "Virudhunagar" },
    { "name": "Ramanathapuram", "slug": "ramanathapuram", "reporting_city": "Ramanathapuram" },
    { "name": "Ranipet", "slug": "ranipet", "reporting_city": "Vellore" },
    { "name": "Rasipuram", "slug": "rasipuram", "reporting_city": "Namakkal" },
    { "name": "Salem", "slug": "salem", "reporting_city": "Salem" },
    { "name": "Sankagiri", "slug": "sankagiri", "reporting_city": "Salem" },
    { "name": "Sankarankovil", "slug": "sankarankovil", "reporting_city": "Tenkasi" },
    { "name": "Sankarapuram", "slug": "sankarapuram", "reporting_city": "Kallakurichi" },
    { "name": "Sathankulam", "slug": "sathankulam", "reporting_city": "Thoothukudi" },
    { "name": "Sathuvachari", "slug": "sathuvachari", "reporting_city": "Vellore" },
    { "name": "Sathyamangalam", "slug": "sathyamangalam", "reporting_city": "Erode" },
    { "name": "Sattur", "slug": "sattur", "reporting_city": "Virudhunagar" },
    { "name": "Sethiyathope", "slug": "sethiyathope", "reporting_city": "Cuddalore" },
    { "name": "Sholinghur", "slug": "sholinghur", "reporting_city": "Vellore" },
    { "name": "Sirkali", "slug": "sirkali", "reporting_city": "Mayiladuthurai" },
    { "name": "Siruvalur", "slug": "siruvalur", "reporting_city": "Erode" },
    { "name": "Sivagangai", "slug": "sivagangai", "reporting_city": "Sivagangai" },
    { "name": "Sivakasi", "slug": "sivakasi", "reporting_city": "Virudhunagar" },
    { "name": "Somanur", "slug": "somanur", "reporting_city": "Coimbatore" },
    { "name": "Srivaikuntam", "slug": "srivaikuntam", "reporting_city": "Thoothukudi" },
    { "name": "Srivilliputhur", "slug": "srivilliputhur", "reporting_city": "Virudhunagar" },
    { "name": "Sulur", "slug": "sulur", "reporting_city": "Coimbatore" },
    { "name": "Surandai", "slug": "surandai", "reporting_city": "Tenkasi" },
    { "name": "Tenkasi", "slug": "tenkasi", "reporting_city": "Tenkasi" },
    { "name": "Thammampatti", "slug": "thammampatti", "reporting_city": "Salem" },
    { "name": "Thanipadi", "slug": "thanipadi", "reporting_city": "Tiruvannamalai" },
    { "name": "Thanjavur", "slug": "thanjavur", "reporting_city": "Thanjavur" },
    { "name": "Theni Allinagaram", "slug": "theni", "reporting_city": "Theni" },
    { "name": "Thirunageswaram", "slug": "thirunageswaram", "reporting_city": "Thanjavur" },
    { "name": "Thiruppathur", "slug": "thiruppathur", "reporting_city": "Sivagangai" },
    { "name": "Thiruthani", "slug": "thiruthani", "reporting_city": "Tiruvallur" },
    { "name": "Thiruthuraipoondi", "slug": "thiruthuraipoondi", "reporting_city": "Thiruvarur" },
    { "name": "Thiruvalangadu", "slug": "thiruvalangadu", "reporting_city": "Tiruvallur" },
    { "name": "Thiruvallur", "slug": "thiruvallur", "reporting_city": "Tiruvallur" },
    { "name": "Thiruvannamalai", "slug": "thiruvannamalai", "reporting_city": "Tiruvannamalai" },
    { "name": "Thiruvarur", "slug": "thiruvarur", "reporting_city": "Thiruvarur" },
    { "name": "Thuraiyur", "slug": "thuraiyur", "reporting_city": "Trichy" },
    { "name": "Tindivanam", "slug": "tindivanam", "reporting_city": "Villupuram" },
    { "name": "Tiruchendur", "slug": "tiruchendur", "reporting_city": "Thoothukudi" },
    { "name": "Tiruchengode", "slug": "tiruchengode", "reporting_city": "Namakkal" },
    { "name": "Tiruchirappalli", "slug": "tiruchirappalli", "reporting_city": "Trichy" },
    { "name": "Tirukoilur", "slug": "tirukoilur", "reporting_city": "Villupuram" },
    { "name": "Tirunelveli", "slug": "tirunelveli", "reporting_city": "Tirunelveli" },
    { "name": "Tirupattur", "slug": null, "reporting_city": "Vellore" },
    { "name": "Tirupur", "slug": "tirupur", "reporting_city": "Tirupur" },
    { "name": "Tittagudi", "slug": "tittagudi", "reporting_city": "Cuddalore" },
    { "name": "Trichy", "slug": "trichy", "reporting_city": "Trichy" },
    { "name": "Tuticorin", "slug": "tuticorin", "reporting_city": "Thoothukudi" },
    { "name": "Udumalaippettai", "slug": "udumalaippettai", "reporting_city": "Tirupur" },
    { "name": "Udumalpet", "slug": "udumalpet", "reporting_city": "Tirupur" },
    { "name": "Ulundurpet", "slug": "ulundurpet", "reporting_city": "Kallakurichi" },
    { "name": "Uthangarai", "slug": "uthangarai", "reporting_city": "Krishnagiri" },
    { "name": "Uthukottai", "slug": "uthukottai", "reporting_city": "Tiruvallur" },
    { "name": "Vadalur", "slug": "vadalur", "reporting_city": "Cuddalore" },
    { "name": "Vadipatti", "slug": "vadipatti", "reporting_city": "Madurai" },
    { "name": "Vaitheeswarankoil", "slug": "vaitheeswarankoil", "reporting_city": "Mayiladuthurai" },
    { "name": "Valapadi", "slug": "valapadi", "reporting_city": "Salem" },
    { "name": "Valliyur", "slug": "Valliyur", "reporting_city": "Tirunelveli" },
    { "name": "Vandavasi", "slug": "vandavasi", "reporting_city": "Tiruvannamalai" },
    { "name": "Vaniyambadi", "slug": "vaniyambadi", "reporting_city": "Vellore" },
    { "name": "Vedaranyam", "slug": "vedaranyam", "reporting_city": "Nagapattinam" },
    { "name": "Vellakoil", "slug": "vellakoil", "reporting_city": "Tirupur" },
    { "name": "Vellichanthai", "slug": "vellichanthai", "reporting_city": "Nagercoil" },
    { "name": "Vellore", "slug": "vellore", "reporting_city": "Vellore" },
    { "name": "Vettaikaranpudur", "slug": "vettaikaranpudur", "reporting_city": "Coimbatore" },
    { "name": "Vijayamangalam", "slug": "vijayamangalam", "reporting_city": "Erode" },
    { "name": "Villupuram", "slug": "villupuram", "reporting_city": "Villupuram" },
    { "name": "Viluppuram", "slug": "viluppuram", "reporting_city": "Villupuram" },
    { "name": "Viralimalai", "slug": "Viralimalai", "reporting_city": "Pudukkottai" },
    { "name": "Virudhachalam", "slug": "virudhachalam", "reporting_city": "Cuddalore" }
  ],
  "Maharashtra": [
    { "name": "Ahmednagar", "slug": "ahmednagar", "reporting_city": "Ahmednagar" },
    { "name": "Akola", "slug": "akola", "reporting_city": "Akola" },
    { "name": "Amalner", "slug": "amalner", "reporting_city": "Jalgaon" },
    { "name": "Ambajogai", "slug": "ambajogai", "reporting_city": "Beed" },
    { "name": "Ambernath", "slug": "ambernath", "reporting_city": "Mumbai" },
    { "name": "Amravati", "slug": "amravati", "reporting_city": "Amravati" },
    { "name": "Ashta", "slug": "ashta", "reporting_city": "Sangli" },
    { "name": "Aurangabad", "slug": "aurangabad", "reporting_city": "Aurangabad" },
    { "name": "Badlapur", "slug": "badlapur", "reporting_city": "Mumbai" },
    { "name": "Bhandara", "slug": "bhandara", "reporting_city": "Bhandara" },
    { "name": "Bhiwandi", "slug": "bhiwandi", "reporting_city": "Mumbai" },
    { "name": "Bhor", "slug": "bhor", "reporting_city": "Pune" },
    { "name": "Bhusawal", "slug": "bhusawal", "reporting_city": "Jalgaon" },
    { "name": "Boisar", "slug": "boisar", "reporting_city": "Mumbai" },
    { "name": "Chandrapur", "slug": "chandrapur", "reporting_city": "Chandrapur" },
    { "name": "Chiplun", "slug": "chiplun", "reporting_city": "Ratnagiri" },
    { "name": "Daryapur", "slug": "daryapur", "reporting_city": "Amravati" },
    { "name": "Devgad", "slug": "devgad", "reporting_city": "Ratnagiri" },
    { "name": "Dhule", "slug": "dhule", "reporting_city": "Dhule" },
    { "name": "Digras", "slug": "digras", "reporting_city": "Yavatmal" },
    { "name": "Gondia", "slug": "gondia", "reporting_city": "Gondia" },
    { "name": "Guhagar", "slug": "guhagar", "reporting_city": "Ratnagiri" },
    { "name": "Ichalkaranji", "slug": "ichalkaranji", "reporting_city": "Kolhapur" },
    { "name": "Indapur", "slug": "indapur", "reporting_city": "Pune" },
    { "name": "Jalgaon", "slug": "jalgaon", "reporting_city": "Jalgaon" },
    { "name": "Jamkhed", "slug": "jamkhed", "reporting_city": "Ahmednagar" },
    { "name": "Jamner", "slug": "jamner", "reporting_city": "Jalgaon" },
    { "name": "Jaysingpur", "slug": "jaysingpur", "reporting_city": "Kolhapur" },
    { "name": "Jejuri", "slug": "jejuri", "reporting_city": "Pune" },
    { "name": "Junnar", "slug": "junnar", "reporting_city": "Pune" },
    { "name": "Kalyan-Dombivli", "slug": "kalyan", "reporting_city": "Mumbai" },
    { "name": "Karad", "slug": "karad", "reporting_city": "Satara" },
    { "name": "Karanja Lad", "slug": "karanja-lad", "reporting_city": "Washim" },
    { "name": "Karmala", "slug": "karmala", "reporting_city": "Solapur" },
    { "name": "Khamgaon", "slug": "khamgaon", "reporting_city": "Buldhana" },
    { "name": "Khed", "slug": "khed", "reporting_city": "Pune" },
    { "name": "Khopoli", "slug": "khopoli", "reporting_city": "Mumbai" },
    { "name": "Kolhapur", "slug": "kolhapur", "reporting_city": "Kolhapur" },
    { "name": "Kopargaon", "slug": "kopargaon", "reporting_city": "Ahmednagar" },
    { "name": "Latur", "slug": "latur", "reporting_city": "Latur" },
    { "name": "Lonavala", "slug": "lonavala", "reporting_city": "Pune" },
    { "name": "Loni", "slug": "loni", "reporting_city": "Ahmednagar" },
    { "name": "Malegaon", "slug": "malegaon", "reporting_city": "Nashik" },
    { "name": "Malkapur", "slug": "malkapur", "reporting_city": "Buldhana" },
    { "name": "Mukhed", "slug": "mukhed", "reporting_city": "Nanded" },
    { "name": "Mumbai", "slug": "mumbai", "reporting_city": "Mumbai" },
    { "name": "Mumbai (Greater)", "slug": "greater-mumbai", "reporting_city": "Mumbai" },
    { "name": "Murtizapur", "slug": "murtizapur", "reporting_city": "Akola" },
    { "name": "Nagpur", "slug": "nagpur", "reporting_city": "Nagpur" },
    { "name": "Nanded", "slug": "nanded", "reporting_city": "Nanded" },
    { "name": "Nandurbar", "slug": "nandurbar", "reporting_city": "Nandurbar" },
    { "name": "Nashik", "slug": "nashik", "reporting_city": "Nashik" },
    { "name": "Nashirabad", "slug": "nashirabad", "reporting_city": "Jalgaon" },
    { "name": "Navi Mumbai", "slug": "navi-mumbai", "reporting_city": "Mumbai" },
    { "name": "Paithan", "slug": "paithan", "reporting_city": "Aurangabad" },
    { "name": "Palghar", "slug": "palghar", "reporting_city": "Mumbai" },
    { "name": "Pandharpur", "slug": "pandharpur", "reporting_city": "Solapur" },
    { "name": "Paratwada", "slug": "paratwada", "reporting_city": "Amravati" },
    { "name": "Parli", "slug": "parli", "reporting_city": "Beed" },
    { "name": "Pen", "slug": "pen", "reporting_city": "Mumbai" },
    { "name": "Pirangut", "slug": "Pirangut", "reporting_city": "Pune" },
    { "name": "Pulgaon", "slug": "pulgaon", "reporting_city": "Wardha" },
    { "name": "Pune", "slug": "pune", "reporting_city": "Pune" },
    { "name": "Pusad", "slug": "pusad", "reporting_city": "Yavatmal" },
    { "name": "Rahata", "slug": "rahata", "reporting_city": "Ahmednagar" },
    { "name": "Rahuri", "slug": "rahuri", "reporting_city": "Ahmednagar" },
    { "name": "Ranjangaon", "slug": "ranjangaon", "reporting_city": "Pune" },
    { "name": "Sangamner", "slug": "sangamner", "reporting_city": "Ahmednagar" },
    { "name": "Sangli Miraj Kupwad", "slug": "sangli", "reporting_city": "Sangli" },
    { "name": "Sangola", "slug": "sangola", "reporting_city": "Solapur" },
    { "name": "Shahada", "slug": "shahada", "reporting_city": "Nandurbar" },
    { "name": "Shirpur", "slug": "shirpur", "reporting_city": "Dhule" },
    { "name": "Shirur", "slug": "Shirur", "reporting_city": "Pune" },
    { "name": "Shrirampur", "slug": "shrirampur", "reporting_city": "Ahmednagar" },
    { "name": "Sindhudurg", "slug": "sindhudurg", "reporting_city": "Ratnagiri" },
    { "name": "Sinnar", "slug": "sinnar", "reporting_city": "Nashik" },
    { "name": "Tasgaon", "slug": "tasgaon", "reporting_city": "Sangli" },
    { "name": "Thane", "slug": "thane", "reporting_city": "Mumbai" },
    { "name": "Udgir", "slug": "udgir", "reporting_city": "Latur" },
    { "name": "Ulhasnagar", "slug": "ulhasnagar", "reporting_city": "Mumbai" },
    { "name": "Vasai", "slug": "vasai", "reporting_city": "Mumbai" },
    { "name": "Vele", "slug": "vele", "reporting_city": "Satara" },
    { "name": "Vita", "slug": "vita", "reporting_city": "Sangli" },
    { "name": "Wani", "slug": "wani", "reporting_city": "Yavatmal" },
    { "name": "Warora", "slug": "warora", "reporting_city": "Chandrapur" },
    { "name": "Washim", "slug": "washim", "reporting_city": "Washim" },
    { "name": "Yavatmal", "slug": "yavatmal", "reporting_city": "Yavatmal" }
  ]
}